producto_b2b_id,id_interno,sku_base,nombre,descripcion_resumen,category_id,categoria_slug,subcategory_id,subcategoria_slug,classification_status,confidence,evidencia,regla_utilizada
00aa93ed-145b-44f0-90a5-86a558a69d22,pp_ff6aed156c5256509ccb2b8c,,"Cable de carga ""NEXO""","Un cable, todas las conexionesCable de carga rápida. Estuche circular con mosquetón. Accesorios: 1 cable de carga rápida USB tipo C a USB tipo C de 60 W con transferencia de datos,",73bc893a-e0cb-4f14-a593-2c93353dc50d,tecnologia,1994c87a-63af-4817-a412-2229508a7039,cargadores-cables,HIGH_CONFIDENCE_EXACT,1.0,match:\bcable\b,cargadores-cables
010f3ddd-2620-476a-8188-a0452a2d18ec,pp_f19be309ad7f55b03050794a,,"Llavero destapador ""SHARK""","Pequeño y práctico Llavero destapador. Pintura acabado brillante. Medidas: 6,7 x 1,08 x 1,48 cm. 
Material: Aluminio.",,,,,MANUAL_REVIEW_AMBIGUOUS,0.4,"multi_cat: ['hogar-cocina', 'llaveros-identificadores']",llaveros-metalicos/destapadores
013afc24-47b0-4385-ab3a-8618aea28654,pp_d77cc78e1e287c7e95787afc,,"Set de libreta y bolígrafo ""MAGIC""","13 x 18 cm. Libreta color Kraft, anillado metálico y 70 hojas punteadas de 70g. Bolígrafo metálico (BP295) color negro con tinta negra. Mediante sistema de imanes el bolígrafo qued",,,,,MANUAL_REVIEW_AMBIGUOUS,0.4,"multi_cat: ['boligrafos', 'libretas-cuadernos']",libretas/boligrafos-metalicos/boligrafos-plasticos
031cc9a0-7f77-482b-801d-dfbbf619f805,pp_5e44b170f489b1453b823b61,,"Llavero ""BORD""","Refleja distinciónLlavero con forma ovalada. Estructura plástica de color con apliques de acero color gris gun de cada lado. Acabado brillante.Medidas: 5 x 3 x 0,35 cm. LLavero de ",d6511709-c9ab-4719-b70b-ac2b56fd9d7c,llaveros-identificadores,e788c044-4e6c-4409-b449-7523e6bba0cf,llaveros-plasticos,HIGH_CONFIDENCE_EXACT,1.0,match:llavero.*plastic,llaveros-plasticos
03c1c087-668d-402a-9bb5-95159df74cfb,pp_eb97087ede840c987f627a24,,"BOTELLA ""MULTI""",Ø 8 x 22.5 cm. Capacidad 1 lt. Plástico. Cuerpo traslucido de color. Tapa de rosca con lazo que se engancha a la boca de la botella. No utilizar para bebidas calientes y gaseosas. ,5a9b91cb-607f-45fa-bcd4-c1c1a782a8c1,bebidas-termos-vasos,dd7255b0-a98b-422a-be20-4f478e9da9d7,botellas-cilindros,HIGH_CONFIDENCE_EXACT,1.0,match:botella,botellas-cilindros
0451f41a-29e5-4140-af39-a0409d9d6516,pp_3929a0ccb83828c2fbe40e05,,"Botella plegable ""KALAP""","Perfecta para tus aventuras y ocupa mínimo espacio.Botella plegable que reduce su tamaño a 17 cm cuando está vacía, ocupando un mínimo espacio en tu mochila o bolso. Boca de botell",,,,,MANUAL_REVIEW_AMBIGUOUS,0.4,"multi_cat: ['bebidas-termos-vasos', 'bolsas-mochilas-viaje']",mochilas-backpacks/botellas-cilindros
04df4271-499a-45ad-a494-e6ec4f8a49b6,pp_b6ba9596479a6178deb8ff3e,,"Mug térmico ""GARAMOND""","Disfruta tus bebidas a la mejor temperatura siempre

Mug térmico doble pared sellado al vacio. Aislamiento térmico. Tecnología vacuum. Interior en acero 304 y exterior en acero 2",5a9b91cb-607f-45fa-bcd4-c1c1a782a8c1,bebidas-termos-vasos,dafde7ec-418f-4071-af3e-3ddc803feaa0,termos,HIGH_CONFIDENCE_EXACT,1.0,match:termic,termos
0554d8d6-ae1e-4d16-b0e4-b7cc99663e12,pp_8f79e31c0af007a74d7b1a1e,,"Bolso térmico ""PEBAG""",Espacio funcional con forma adaptable.Bolso térmico. Cierre posterior con dos tiradores. Hebillas metálicas en los laterales que permiten cambiar su formato a prisma. Bolsillo fron,5a9b91cb-607f-45fa-bcd4-c1c1a782a8c1,bebidas-termos-vasos,dafde7ec-418f-4071-af3e-3ddc803feaa0,termos,HIGH_CONFIDENCE_EXACT,1.0,match:termic,termos
05d29f52-61c7-4245-9177-5b7b16f3729b,pp_a64f4872d683a4884c8e3213,,"Power Bank multipuerto ""ATLANTA""",Energía en tu bolsillo.Power bank multipuerto. Pantalla LCD. 2 entradas USB tipo C. 1 salida USB.  Entrada y Salida de carga rápida 5V 2A. 3 cables de carga integrados:  USB standa,73bc893a-e0cb-4f14-a593-2c93353dc50d,tecnologia,64b67871-1406-41f9-bc95-afa883f06171,power-banks,HIGH_CONFIDENCE_EXACT,1.0,match:power\s*bank,power-banks
05f126e7-39cb-4540-985a-71a50d647af5,pp_0da4c518b6a8a622913ab43f,,"Trofeo ""WINNER III""","Diseñado para celebrar logros.Trofeo de vidrio facetado simil cristal. Medidas: 12 x 6,5 x 3,5 cm. 
Materiales: Vidrio K9. 
Peso: 0,4 kg. 
Presentación: en estuche color negro c",,,,,MANUAL_REVIEW_NO_SIGNAL,0.0,sin señal léxica,no_rule
06eaa735-c187-4d37-969c-df26532d5e0b,pp_76b9efa40aab1742a0458c95,,"Mochila ""FORCE 4""","Lleva todo lo que necesitas con estilo, comodidadMochila portanotebook de hasta 17 pulgadas. Cuenta con dos compartimentos, el compartimento principal con bolsillo acolchado para l",,,,,MANUAL_REVIEW_AMBIGUOUS,0.4,"multi_cat: ['bolsas-mochilas-viaje', 'libretas-cuadernos']",mochilas-backpacks/libretas
08cbd88e-09fa-45e8-8439-b431601283cb,pp_4f87dca501d7f3ea97991bfe,,"BOTELLA ""OCEAN COLOR - WAIKIKI""","Ø 8 x 20,5 cm. Capacidad 810 ml. Plástico PET. Peso del botella: 63 gramos - Peso de la tapa: 12 gramos. Plástico. Cuerpo de color translucido.ATENCIÓN  Botella, tapa y jareta se e",5a9b91cb-607f-45fa-bcd4-c1c1a782a8c1,bebidas-termos-vasos,dd7255b0-a98b-422a-be20-4f478e9da9d7,botellas-cilindros,HIGH_CONFIDENCE_EXACT,1.0,match:botella,botellas-cilindros
090c8d38-96f9-4510-82fe-f759cf734e41,pp_8d936d52bc383c7baa614d96,,"Taza sublimable ""MIKA""",Personaliza tu bebida y expresa tu creatividad.Taza sublimable con tapa. Tapa plástica a presión color negro con anillo de silicona. Base de corcho.  Pintura con acabado mate. Prod,5a9b91cb-607f-45fa-bcd4-c1c1a782a8c1,bebidas-termos-vasos,3ac4291e-53ab-4bdc-b42a-9fc84648ba4f,tazas-mugs,HIGH_CONFIDENCE_EXACT,1.0,match:\btaza\b,tazas-mugs
0b75cd99-d5bd-4634-bc3c-5363c0ca8838,pp_a7673397e77ef5e034116235,,PARANTE,43 x 38 cm. Polyester y aro aluminio. Set de 2 parantes para las ventanillas del automóvil.,64b881ad-4624-4177-be86-1ac83f4761e1,herramientas-auto,0f1136cb-f6dc-434d-bd7d-54bd9e664890,accesorios-auto,HIGH_CONFIDENCE_EXACT,1.0,match:auto,accesorios-auto
0d0bbfed-b378-4d7f-a1db-f2afa91c222a,pp_2ecc9c41be808d1a25b17387,,"Esponja de maquillaje ""DROP""","6 x 4 x 4 cm. Esponja PP. Esponja de maquillaje. Estuche de plástico transparente (Ø 4,5 x 8,5 cm.) con gancho y base del mismo color que la esponja",,,,,MANUAL_REVIEW_NO_SIGNAL,0.0,sin señal léxica,no_rule
0d1f6904-71f8-4de9-9a0e-807a97735aaf,pp_fc83dfb5d211b16850655d1f,,"Set de juegos ""PLAYER""","10 x 9,4 x 2,5 cm. Madera y papel plastificado. Set de entretenimiento. Incluye: 1 juego de cartas de poker plastificadas y 5 dados de madera de cerezo. Caja contenedora de madera ",dcf767d4-2f29-4904-923a-fc6a1d4f373e,outdoor-deporte-recreacion,22d6181d-1180-45bc-9399-cade08cd6066,juegos-recreacion,HIGH_CONFIDENCE_EXACT,1.0,match:\bjuego\b,juegos-recreacion
0e50f962-fceb-4219-a46c-8cc1ac51f26b,pp_294cae2cfdc031335c45e16f,,"Billetera ""WALLY""",Compacta y con Múltiples CompartimentosBilletera portadocumentos. Estructura acolchada con cierre perimetral y un bolsillo al frente. Bolsillos internos de red de ambos lados con m,,,,,MANUAL_REVIEW_NO_SIGNAL,0.0,sin señal léxica,no_rule
0e7c4deb-4b3a-4dde-a529-2321774c3134,pp_a70d3de9081836193c7df168,,"Botella térmica ""DASH""","Aislamiento Superior para Bebidas Calientes y Frías.Botella doble pared, sellada al vacío.  Interior de acero 304 y exterior de acero 201. Tapa a rosca de acero 201 con anillo de s",5a9b91cb-607f-45fa-bcd4-c1c1a782a8c1,bebidas-termos-vasos,dafde7ec-418f-4071-af3e-3ddc803feaa0,termos,HIGH_CONFIDENCE_EXACT,1.0,match:termic,termos
0ec912c7-2e05-4c87-b7d5-c626038b1458,pp_bad79fbdbada5baf0cc102fb,,"Posavasos de RPET ""KOSTER""","9 x 9 x 0,5 cm. Fieltro de plástico reciclado y Bambú. Set de 10 posavasos. El primero lleva impreso el sello RPET. Soporte de bambú de 10,5 x 10,5 x 5,5 cm Presentación en caja de",,,,,MANUAL_REVIEW_NO_SIGNAL,0.0,sin señal léxica,no_rule
0fecf1f4-a8f4-47bf-b41b-eb4b83cabe7f,pp_4d5a2915d5e3f24959d92cea,,"Bolsa de algodón ""MOLA""","Un básico versátil para todos los días.Bolsa con fuelle reutilizable bicolor (natural y colores melange). Asas cosidas de 70 x 2,5 cm. del mismo color.Medidas: 38 x 42 x 8 cm. 
Ma",b55ad3e5-2743-444f-b101-3702f81d55f6,bolsas-mochilas-viaje,400b5f3e-9149-4497-a58f-43918c24c538,bolsas-tote-shopping,HIGH_CONFIDENCE_EXACT,1.0,match:\bbolsa\b,bolsas-tote-shopping
14704def-1d9e-4547-9d9b-f0370f36a6ec,pp_0c2711088e8616b7bde447bd,,"Libreta ""IBERICA""",Perfecta para los creativos.Libreta espiralada. Tapa recubierta en papel kraft de 120 g. Interior de 70 hojas blancas rayadas de 80 g. Cierre con banda elástica y espiral del mismo,2c4837bb-b5f0-47d3-8bb5-710f16f9a297,libretas-cuadernos,067c4d5d-d3d5-48b2-8678-5300800da356,libretas,HIGH_CONFIDENCE_EXACT,1.0,match:\blibreta\b,libretas
15e4a5f0-fe6e-4295-afe3-2db3bdb8a9bb,pp_a98fd1315ed9bef0302a7dd7,,"Poncho impermeable para lluvia ""RAINY""",127 x 100 cm. Polietileno. Poncho impermeable. Presentación en bolsa de RPET de diferentes colores con cierre ajustable y mosquetón de aluminio color negro.,,,,,MANUAL_REVIEW_AMBIGUOUS,0.4,"multi_cat: ['bolsas-mochilas-viaje', 'outdoor-deporte-recreacion']",bolsas-tote-shopping/paraguas-impermeables
1853b273-5bb6-405b-9189-ea655cd9d164,pp_98f1f63c7e362f831990add6,,"Bocina bluetooth ""KUGEL""","Sonido compacto, fácil de llevar.Bocina Bluetooth. Estructura esférica plástica color blanco y tela rejilla color gris claro. Cable de carga y conexión USB-C en color blanco. Inclu",73bc893a-e0cb-4f14-a593-2c93353dc50d,tecnologia,1994c87a-63af-4817-a412-2229508a7039,cargadores-cables,HIGH_CONFIDENCE_EXACT,1.0,match:\bcable\b,cargadores-cables
191e7d5a-9196-4dd2-b049-30c89d80b3d6,pp_225549eb725260f8b3099d33,,"Almohada de viaje ""REM""","Tu pausa cómoda, estés donde estésAlmohada cervical. Funda extraible con cierre metálico y capucha incluida. Correas con cierre a presión y mosquetón plásticos para optimizar el gu",,,,,MANUAL_REVIEW_NO_SIGNAL,0.0,sin señal léxica,no_rule
19a901fd-2465-407b-80cf-a8f0b20cd272,pp_91e47cf912b9074923cf93bf,,Mochila “Winnipeg”,32 x 45 x 7 cm. Capacidad 10 litros. Poliéster 300D (gris) y Poliéster 600D (negro). Mochila portanotebook hasta 15'. Dos bolsillos frontales con cierre. Compartimento principal co,,,,,MANUAL_REVIEW_AMBIGUOUS,0.4,"multi_cat: ['bolsas-mochilas-viaje', 'libretas-cuadernos']",mochilas-backpacks/bolsas-laptop/libretas
1c4fc305-13d7-4767-a5ed-2a1951d69f41,pp_1110ce5f4f10f110709708ff,,"Botella térmica ""RUBBY""","Tus bebidas a la temperatura perfecta por horas.Botella doble pared, sellada al vacío. Interior de acero 304 y exterior de acero 201. Tapa a rosca de acero 201, interior plástico c",5a9b91cb-607f-45fa-bcd4-c1c1a782a8c1,bebidas-termos-vasos,dafde7ec-418f-4071-af3e-3ddc803feaa0,termos,HIGH_CONFIDENCE_EXACT,1.0,match:termic,termos
1ca9c510-13ab-492b-807f-dd80e2e346a5,pp_445156578714f9db93493008,,"MOCHILA ""FREE FLOW""","28 x 41 x 11 cm. Capacidad 12 litros. Poliester 300D Wulong, Mochila portanotebook de hasta 16 pulgadas. Compartimento principal con bolsillo porta notebook y bolsillos para acceso",,,,,MANUAL_REVIEW_AMBIGUOUS,0.4,"multi_cat: ['bebidas-termos-vasos', 'bolsas-mochilas-viaje', 'libretas-cuadernos']",mochilas-backpacks/botellas-cilindros/libretas
1e79986e-6b35-4cb3-81f5-bd04a9b634ab,pp_45d0d73d916457f75dac7909,,"Llavero destapador  ""PORTER""",El gol se grita… y después se destapa.Llavero con destapador abre botellas. Estructura metálica con forma de pelota de fútbol pintada con esmalte brillante de colores negro y blanc,,,,,MANUAL_REVIEW_AMBIGUOUS,0.4,"multi_cat: ['bebidas-termos-vasos', 'hogar-cocina', 'llaveros-identificadores', 'outdoor-deporte-recreacion']",botellas-cilindros/llaveros-metalicos/balones-pelotas
1e81abb9-8a88-4631-a78c-75cdb5f20958,pp_4c82944da4e46f2706b21dae,,"BOTELLA TÉRMICA ""OTAWA I""","Ø 7 x 23,5 cm. Capacidad 500 ml. Botella doble pared, sellada al vacío. Interior de acero 304 y exterior de acero 201. Cuerpo color negro y tapa a rosca de acero. Mantiene hasta 12",5a9b91cb-607f-45fa-bcd4-c1c1a782a8c1,bebidas-termos-vasos,dafde7ec-418f-4071-af3e-3ddc803feaa0,termos,HIGH_CONFIDENCE_EXACT,1.0,match:termic,termos
2005a09f-69dd-47be-b555-2139960c74d1,pp_9e453150afb380245fc361b8,,"Bolso ""WORKOUT MEX""",Capacidad que acompaña cada movimientoBolso deportivo con los colores de la bandera mexicana. Amplio compartimento principal y cierre transversal en color gris. 2 asas y correa aju,,,,,MANUAL_REVIEW_NO_SIGNAL,0.0,sin señal léxica,no_rule
20214199-7c27-4d01-9b42-ac33bc0a6c08,pp_48f960fe4fd8d81914daf8af,,Organizador “Wiz”,"51 x 26,5 x 32,5 cm. (abierto). 5 x 26,5 x 32,5 cm (cerrado). Polyester 600D. Organizador. Dos amplios compartimentos de 25,5 cm (aprox) cada uno con dos estructuras de cartón que ",,,,,MANUAL_REVIEW_NO_SIGNAL,0.0,sin señal léxica,no_rule
20781bda-8dd4-4e9e-89fc-7ed410e5aba8,pp_b725334cfed342335b5b98be,,"Botella térmica ""STYLE""","Ø 6,8 x 24,5 cm. Capacidad 500 ml. Acero inoxidable. Botella Vacuum. Interior en acero 304 y exterior en acero 201. Acabado satinado mate. Detalle de agarre siliconado gris.. Manti",5a9b91cb-607f-45fa-bcd4-c1c1a782a8c1,bebidas-termos-vasos,dafde7ec-418f-4071-af3e-3ddc803feaa0,termos,HIGH_CONFIDENCE_EXACT,1.0,match:termic,termos
2088bbe2-5a7a-48df-9025-a69ca0b14651,pp_5b70934f0acc5241d75bee9b,,"Botella ""ARMIN""","Ø 7,3 x 24 cm. Capacidad 750 ML. Aluminio. Tapa metálica con detalles en bambú y manija de acero para ser transportada. Anillo de silicona antiderrame. Presentación en caja de rega",5a9b91cb-607f-45fa-bcd4-c1c1a782a8c1,bebidas-termos-vasos,dd7255b0-a98b-422a-be20-4f478e9da9d7,botellas-cilindros,HIGH_CONFIDENCE_EXACT,1.0,match:botella,botellas-cilindros
210afea8-ccdf-42aa-bfd9-abb5dba65e71,pp_144b943f89203886316a76e4,,"Mochila ""FORCE 7""",Estilo y funcionalidad en cada viaje.Mochila portanotebook de hasta 16 pulgadas.  Cuenta con tres compartimentos: Compartimento posterior con bolsillo acolchado portanotebook con c,,,,,MANUAL_REVIEW_AMBIGUOUS,0.4,"multi_cat: ['bolsas-mochilas-viaje', 'libretas-cuadernos']",mochilas-backpacks/libretas
218ee511-8e86-4192-8d23-891f5ab857c6,pp_4edff77cea3d31678ba0144a,,"SET DE RESALTADORES ""SENSATION""","8,5 x 2 x 5 cm. Plástico. Set de 3 resaltadores de cera. Estuche plástico transparente.",,,,,MANUAL_REVIEW_NO_SIGNAL,0.0,sin señal léxica,no_rule
226fefd2-7baa-4e9e-8206-c2a1002bf720,pp_5835075c62fc03b7891bd4b1,,"Set de juegos ""JAVFAN""","17 x 17 x 4 cm. Madera, papel plastificado y plástico. Set de entretenimiento múltiple. Incluye: 1 juego de cartas de poker + 1 juego de ajedrez de 32 piezas en madera de schima (1",dcf767d4-2f29-4904-923a-fc6a1d4f373e,outdoor-deporte-recreacion,22d6181d-1180-45bc-9399-cade08cd6066,juegos-recreacion,HIGH_CONFIDENCE_EXACT,1.0,match:\bjuego\b,juegos-recreacion
22d1809b-4653-4770-b9e4-d3d8dfb1da06,pp_467da472746ae5e9c6273833,,"TERMO ""HYDRO II""","Ø 7,3 x 26 cm. Capacidad 650 ml. Acero inoxidable. Botella doble pared, sellada al vacío. Interior en acero 304 y exterior en acero 201. Tapa de acero a rosca con manija rebatible ",5a9b91cb-607f-45fa-bcd4-c1c1a782a8c1,bebidas-termos-vasos,dafde7ec-418f-4071-af3e-3ddc803feaa0,termos,HIGH_CONFIDENCE_EXACT,1.0,match:\btermo\b,termos
236e5844-2b40-4190-a54d-6ad7b1e46623,pp_145c955f343c5382973e104d,,"Carpeta con cierre ""ELEVATOR""",26 x 35 x 3 cm. Poliuretano. Carpeta con cierre. Contiene 1 bloc de 20 hojas lisas tamaño A4. Porta bolígrafo. Bolsillo externo. Compartimentos internos para 7 tarjetas. Sobre con ,12fa2e5e-99c9-4a71-9483-c2e2b5b5a8c5,boligrafos,ce1e16a3-f1f3-493f-aeb8-a8f254c6ea55,boligrafos-plasticos,HIGH_CONFIDENCE_EXACT,1.0,match:\bboligrafo\b,boligrafos-plasticos
2459577b-bc4c-4610-b4d1-5072097a1819,pp_e4ab7e4879852dfe7ee21ccb,,"MUG ""DYKER""","Ø 8,5 x 18 cm. Capacidad 600 ml. Plástico y acero inoxidable. Doble pared. Interior de polipropileno (PP) y exterior combinado con acero inoxidable 201. Tapa plástica transparente ",5a9b91cb-607f-45fa-bcd4-c1c1a782a8c1,bebidas-termos-vasos,3ac4291e-53ab-4bdc-b42a-9fc84648ba4f,tazas-mugs,HIGH_CONFIDENCE_EXACT,1.0,match:\bmug\b,tazas-mugs
256efd62-d066-467b-9f82-4e98e4586b02,pp_d5d8cb57dea7b1adff3f562a,,"Tarjeta multiherramienta ""INDIANA""","Prepárate para cualquier situación.Tarjeta multiherramienta de supervivencia portátil. Concentra 11 funciones en 1: abrelatas, cuchillo, destornillador plano, regla, abridor de bot",,,,,MANUAL_REVIEW_AMBIGUOUS,0.4,"multi_cat: ['bebidas-termos-vasos', 'herramientas-auto']",botellas-cilindros/herramientas-multiusos
26544135-4061-46f5-8045-659ebb4d922f,pp_d2ed2fcd9567203a5918c321,,"Mug térmico ""CAPOF""","Disfruta cada sorbo, donde sea.Mug doble pared, sellado al vacío. Mug con aislamiento térmico. Tecnología vacuum. Interior en acero 304 y exterior en acero 201. Tapa de polipropile",5a9b91cb-607f-45fa-bcd4-c1c1a782a8c1,bebidas-termos-vasos,dafde7ec-418f-4071-af3e-3ddc803feaa0,termos,HIGH_CONFIDENCE_EXACT,1.0,match:termic,termos
26ed663d-39ee-4f56-ba46-ce2e96a2951b,pp_a6ef419a5a112ad5f5aab764,,"Botella térmica ""ALLY""","Ø 7 cm x 23 cm. Acero inoxidable. Capacidad 450 ml. Botella doble pared, sellada al vacío. Interior de acero 304 y exterior de acero 201. Pintura acabado mate. Tapa en PP con traba",5a9b91cb-607f-45fa-bcd4-c1c1a782a8c1,bebidas-termos-vasos,dafde7ec-418f-4071-af3e-3ddc803feaa0,termos,HIGH_CONFIDENCE_EXACT,1.0,match:termic,termos
271fe175-d118-4840-9285-6c85583e7a25,pp_452415d2e048de3a3f3c5a81,,"SET DE VINOS ""BAMBOO""","23 x 13 x 5 cm. Caja de bambú, cierre metálico con set de 5 piezas de bar: Sacacorchos, Tapón, Termómetro, Anillo cortagota y Tapón vertedor.",a9a77a11-d44e-4d23-a182-ab25fd11e3f9,hogar-cocina,41d648ff-6083-410b-9fd7-5567e4e5dd49,sacacorchos-bar,HIGH_CONFIDENCE_EXACT,1.0,match:sacacorcho,sacacorchos-bar
275f0547-05fa-4d68-a9e8-5412eeff7612,pp_f8add0d9a039f1b7b9446439,,Audífonos bluetooth “Funn”,"Plástico. Audífonos bluetooth. Cable de 57,5 cm aprox. Sujeción deportiva que asegura una buena fijación. Botones para aumentar / disminuir el volumen, aceptar y rechazar una llama",,,,,MANUAL_REVIEW_AMBIGUOUS,0.4,"multi_cat: ['bolsas-mochilas-viaje', 'tecnologia']",cosmetiqueras-pouches/deportivas-duffel/cargadores-cables
277f538b-1036-4fde-b692-0dcc03aece0e,pp_62e2968b7904868f47e19afb,,"Bolsa de yute ""YEYE""","Práctico con identidad natural.Bolsa de yute laminado con fuelle. Color natural. Asas de cordón de algodón de Ø 1,5 x 35 cm.Medidas: 30 x 30 x 15 cm. 
Capacidad: 13 litros
Materi",b55ad3e5-2743-444f-b101-3702f81d55f6,bolsas-mochilas-viaje,400b5f3e-9149-4497-a58f-43918c24c538,bolsas-tote-shopping,HIGH_CONFIDENCE_EXACT,1.0,match:\bbolsa\b,bolsas-tote-shopping
28d95be0-2684-4c30-be92-4a284b45956c,pp_b8ddaa98e1aa901b939eef4a,,"Trofeo ""WINNER IV""","Elegancia que honra el mérito.Trofeo de vidrio facetado simil cristal. Medidas: 13,5 x 5,5 x 2,5 cm. 
Materiales: Vidrio K9. 
Peso: 0,4 kg. 
Presentación: en estuche color negro",,,,,MANUAL_REVIEW_NO_SIGNAL,0.0,sin señal léxica,no_rule
2a3345a9-ffa8-4c0e-b15e-166ea7e861aa,pp_6aadadca9ce2c2207d0c0a5e,,"llavero destapador ""OPENER""","Elegante y práctico, el infaltable de bolsillo.Llavero destapador con correa de poliester color negro de 2.5 x 1.5cm. Pintura acabado brillante. Medidas: 9,5 x 1,9 cm. 
Materiales",,,,,MANUAL_REVIEW_AMBIGUOUS,0.4,"multi_cat: ['hogar-cocina', 'llaveros-identificadores']",llaveros-metalicos/destapadores
2b68fbc5-f9d5-4dad-852f-6da3a95ad9c9,pp_a6f40e21d2bc2f22c575ef49,,"Botella térmica ""ULTRA""","Temperatura que perdura, todo el díaBotella doble pared, sellada al vacío. Interior de acero 304 y exterior de acero 201. Pintura Powder coat (pintura más duradera y resistente a l",5a9b91cb-607f-45fa-bcd4-c1c1a782a8c1,bebidas-termos-vasos,dafde7ec-418f-4071-af3e-3ddc803feaa0,termos,HIGH_CONFIDENCE_EXACT,1.0,match:termic,termos
2dfe7dec-e0a1-430b-9804-ba533b004e03,pp_b25f5c6d2b84783cb1331988,,MEMO BOX ESPIRAL,"7,5 x 2 x 7 cm Cartón. Material reciclado. 5 blocs de 25 notas adhesivas rectangulares grandes. 5 blocs de 25 notas adhesivas rectangulares chicas estilo banderitas. Anillado metál",,,,,MANUAL_REVIEW_NO_SIGNAL,0.0,sin señal léxica,no_rule
2fb15141-24cb-43e7-b659-17b76abb98ec,pp_a484509c4f4bedd5f5ab764d,,"MOCHILA ""NET&TECH""","31 x 42 x 15 cm. Capacidad 17 litros. Poliéster 300D. Mochila Portanotebook de 14 "". Compartimento con espacio para notebook, bolsillo para tablet. En el frente bolsillo con cierre",,,,,MANUAL_REVIEW_AMBIGUOUS,0.4,"multi_cat: ['bolsas-mochilas-viaje', 'libretas-cuadernos']",mochilas-backpacks/libretas
30466802-b2ac-4efc-95c1-67c25f429854,pp_8c390e325c83cef012e7965c,,"Set ejecutivo ""DARK BOX""","Sorprende con un kit sofisticado, ideal para dar la bienvenida o celebrar momentos especiales.Caja de regalo compuesta por 3 artículos:
- 1 bolígrafo retráctil, cuerpo de aluminio",,,,,MANUAL_REVIEW_AMBIGUOUS,0.4,"multi_cat: ['boligrafos', 'libretas-cuadernos']",libretas/boligrafos-metalicos/boligrafos-plasticos
31c9cf6d-1bb4-41d9-911c-1bab115971c0,pp_adf5619a7e27d6b0710dd403,,"Carry on ""MOU""","Todo lo esencial, siempre a bordo.Valija / Maleta de cabina pequeña. 8 ruedas con giro 360°. Manija de transporte reforzada y engomada. Mango extensible hasta 48 cm. 2 posiciones. ",b55ad3e5-2743-444f-b101-3702f81d55f6,bolsas-mochilas-viaje,e7907aaa-d27a-4318-b918-72a395c0e946,viaje-equipaje,HIGH_CONFIDENCE_EXACT,1.0,match:\bmaleta\b,viaje-equipaje
336a2e79-e0fe-47a5-9c7d-716bded1d0b2,pp_ab396daf98f371e1e7c55cd9,,"BOTELLA ""DRINKER""","Clásica e Ideal para cualquier ocasión.Botella de aluminio con manija de agarre en la tapa, popote plástico y boquilla rebatible. Tapa a rosca de plástico. Medidas: Ø 7 x 25 cm. 
",5a9b91cb-607f-45fa-bcd4-c1c1a782a8c1,bebidas-termos-vasos,dd7255b0-a98b-422a-be20-4f478e9da9d7,botellas-cilindros,HIGH_CONFIDENCE_EXACT,1.0,match:botella,botellas-cilindros
338b0de9-7af3-4436-9563-51890653b00f,pp_5374db9428f1752e6dd3514d,,"Adaptador HUB multipuerto ""HUBERT""","Un solo adaptador, muchas solucionesMini adaptador HUB multipuerto. Entrada: 1 x USB-A / 1 x USB-C. Salida: 2 x USB-A / 2 x USB-C con conectores rebatibles.Medidas: 5,2 x 4,6 x 1,3",73bc893a-e0cb-4f14-a593-2c93353dc50d,tecnologia,1994c87a-63af-4817-a412-2229508a7039,cargadores-cables,HIGH_CONFIDENCE_EXACT,1.0,match:\bhub\b,cargadores-cables
34f13eb9-5e6c-4fc4-8f74-37d8e062ab8e,pp_9eaa025d29c4026c3a966252,,Mug “Odolné”,"Ø 8,5 x 13,3 cm. Capacidad 350 ml. Acero inoxidable. Mug doble pared. Interior de acero 304 y exterior de acero 201. Tapa plástica transparente a presión con anillo de silicona. Ma",5a9b91cb-607f-45fa-bcd4-c1c1a782a8c1,bebidas-termos-vasos,3ac4291e-53ab-4bdc-b42a-9fc84648ba4f,tazas-mugs,HIGH_CONFIDENCE_EXACT,1.0,match:\bmug\b,tazas-mugs
3516a221-7ee9-46d1-a937-549d10151898,pp_f45260e22628026e840871e5,,"Tabla de corte ""BAMBOARD""",43 x 32 x 1.8 cm. Tabla de corte en Bambú. Tres compartimentos para armar botanas y llevarlas directo a la mesa. Transportable con manija incluida. Presentación en caja de regalo.,,,,,MANUAL_REVIEW_NO_SIGNAL,0.0,sin señal léxica,no_rule
36416d86-a244-4f1f-a509-cdf980184b23,pp_78d4df07acf39d5e8e7bd05f,,"TOALLA ""CHILLING""","Medidas toalla 79 x 29 cm / Medidas frasco: Ø6,5 x 17 cm. Políester. Toalla de enfriamiento en un estuche de plástico transparente. Para un efecto refrescante humedezca la toalla c",,,,,MANUAL_REVIEW_AMBIGUOUS,0.4,"multi_cat: ['bebidas-termos-vasos', 'textiles-ropa']",botellas-cilindros/toallas-textiles
383a7bf2-4710-4546-9b82-7f312451e90d,pp_8f4b61f91c8095f271fe2304,,"Mochila ""ADVANCED""","28 x 40,5 x 9 cm. Capacidad 11 litros. Poliéster 300D, interior Poliéster estampado 210D. Mochila portanotebook de hasta 15 pulgadas con 2 compartimentos, principal con bolsillo ac",,,,,MANUAL_REVIEW_AMBIGUOUS,0.4,"multi_cat: ['bolsas-mochilas-viaje', 'libretas-cuadernos']",mochilas-backpacks/libretas
39037d5e-613e-4ef0-b67c-adbfb40fffab,pp_99c43252de706d5972d6f4f9,,"Jarra con tapa ""BAMBJUG""","Ø 8,8 x 22,8 cm. Capacidad 1100 ml. Vidrio de borosilicato y bambú. Jarra con pico vertedor y asa de vidrio de borosilicato. Tapa de bambú y acero inoxidable 304 con anillo de sili",,,,,MANUAL_REVIEW_NO_SIGNAL,0.0,sin señal léxica,no_rule
39101363-950e-4ed6-a8a7-5c27bf7f4a60,pp_1a3466b19577fe16cb6c1321,,"MUG ""BRONX""","Ø 6 x 19,5 cm. Capacidad 350 ml.  Acero inoxidable. Mug doble pared Interior acero 304 y exterior acero 201. Tapa a rosca, botón para abrir y cerrar. Lazo para sujetar en la muñeca",5a9b91cb-607f-45fa-bcd4-c1c1a782a8c1,bebidas-termos-vasos,3ac4291e-53ab-4bdc-b42a-9fc84648ba4f,tazas-mugs,HIGH_CONFIDENCE_EXACT,1.0,match:\bmug\b,tazas-mugs
3a39e9d9-b6c0-408a-971a-e1b9add68dc0,pp_2823b104ea1546c734fa4805,,"Mouse pad sublimable ""PADI""","Superficie pensada para destacar tu marca.Mouse pad sublimable de tela y base de goma antideslizante.Medidas: 23 x 19 x 0,2 cm
Materiales: goma y tela",,,,,MANUAL_REVIEW_NO_SIGNAL,0.0,sin señal léxica,no_rule
3c0c8121-1c4e-4c76-bfba-53f87916c31d,pp_9b6f89491bab5d060d90ed9b,,BANDA REFLECTANTE FLÚO,"32 x 3,2 cm Plástico. Reflec. Enrollable.",,,,,MANUAL_REVIEW_NO_SIGNAL,0.0,sin señal léxica,no_rule
3c5345c5-15e2-4d3e-bebb-f7f6f0c2f884,pp_40a058fff6734269f6455122,,"Set de juegos ""POKADA""","Diversión clásica en un solo setSet de entretenimiento. Incluye: 1 juego de cartas de póker plastificadas, 5 dados de madera y 32 piezas de ajedrez. Caja contenedora en bambú con b",dcf767d4-2f29-4904-923a-fc6a1d4f373e,outdoor-deporte-recreacion,22d6181d-1180-45bc-9399-cade08cd6066,juegos-recreacion,HIGH_CONFIDENCE_EXACT,1.0,match:\bjuego\b,juegos-recreacion
3cf6a023-79e9-428e-a93c-49306cd11c25,pp_39067a02cf99da5bc52c08c8,,Trofeo de cristal diagonal,"19 x 5,6 x 3 cm. Cristal. Bloque de cristal en forma de prisma 3D. Corte diagonal en la parte superior. Permite grabado de logo o texto. Presentación en estuche con cierre magnétic",,,,,MANUAL_REVIEW_NO_SIGNAL,0.0,sin señal léxica,no_rule
3e42c78a-c6b5-47ec-84cb-db85c0519d36,pp_7e94c7a0bd017571c665d98c,,"MUG TÉRMICO ""BIG""",Ø 10 x 20 cm. Capacidad 850 ml. Acero Inoxidable. Mug doble pared sellado al vacío. Tecnología Vacuum. Interior en acero 304 y exterior en acero 201. Pintura Powder Coat (pintura m,5a9b91cb-607f-45fa-bcd4-c1c1a782a8c1,bebidas-termos-vasos,dafde7ec-418f-4071-af3e-3ddc803feaa0,termos,HIGH_CONFIDENCE_EXACT,1.0,match:termic,termos
3f6d9ba7-71de-48c7-8924-8a43c93ca8ff,pp_fa8527349aaf5b1c99073ed2,,"Mug térmico ""LUNGO""","Ideal para jornadas largasMug doble pared, sellado al vacío. Interior en acero 304 y exterior en acero 201. Tapa de polipropileno a rosca y anillo de silicona, 2 en 1, con popote d",5a9b91cb-607f-45fa-bcd4-c1c1a782a8c1,bebidas-termos-vasos,dafde7ec-418f-4071-af3e-3ddc803feaa0,termos,HIGH_CONFIDENCE_EXACT,1.0,match:termic,termos
41af8d40-5918-4610-9ea9-4bb9ee332949,pp_d288f97e95d3b193c0666cf8,,"Botella térmica ""ROLLING""","Temperatura que acompaña tu ritmo.Botella doble pared, sellada al vacío. Interior de acero 304 y exterior de acero 201. Bicolor. Pintura Powder coat (pintura más duradera y resiste",5a9b91cb-607f-45fa-bcd4-c1c1a782a8c1,bebidas-termos-vasos,dafde7ec-418f-4071-af3e-3ddc803feaa0,termos,HIGH_CONFIDENCE_EXACT,1.0,match:termic,termos
41f6812d-9043-47b8-a2d5-8be2c7ffcae6,pp_8348ea3db93622cae276aedd,,"Necessaire ""NIZA""","20 x 12 x 5,3 cm. Polyester 300D. Necessaire. Estructura acolchada. Asa para transportar. Compartimento principal con cierre con tirador engomado. Interior forrado. En uno de sus l",,,,,MANUAL_REVIEW_NO_SIGNAL,0.0,sin señal léxica,no_rule
462fb9bf-627e-4244-8f27-995e28830d81,pp_2a5c7d1b824455e121b8bacb,,"BOLSO DEPORTIVO ""WORKOUT""","Ø28 x 55 cm. Capacidad 34 litros. Poliester 600D. Bolso deportivo con espacioso compartimento principal con cierre, 2 asas, correa ajustable.",,,,,MANUAL_REVIEW_NO_SIGNAL,0.0,sin señal léxica,no_rule
475a79ae-5552-4fb5-9c56-ad13614d438b,pp_edfd60a38cfabbdb3df5dd32,,Libreta pequeña “White”,"14,3 x 9,2 x 1,1 cm. Cartón. Libreta de pasta dura color blanco. Contiene 80 hojas rayadas, separador de tela. Cierra con banda elástica de color.",2c4837bb-b5f0-47d3-8bb5-710f16f9a297,libretas-cuadernos,067c4d5d-d3d5-48b2-8678-5300800da356,libretas,HIGH_CONFIDENCE_EXACT,1.0,match:\blibreta\b,libretas
498d4f71-896e-4871-af57-8cae0cf14ecb,pp_f34019d65fb6a6afe8cd1e2b,,"Tabla para quesos ""EMMENTAL""","24,5 x 17,2 x 1,5 cm. Madera y acero inoxidable. Tabla para quesos. Tabla de madera de acacia con imán para fijar el cuchillo y anillo de acero inoxidable para colgar. Cuchillo con",,,,,MANUAL_REVIEW_NO_SIGNAL,0.0,sin señal léxica,no_rule
4c2df6de-99c1-48bf-a3dd-dfec031c6167,pp_277ecc1605b343355cbe3894,,"Set de coctelería / Bartender Kit ""YEIKIT""","Acero inoxidable. Bartender Kit de tres piezas: Coctelera (Shaker) Ø 8 x 23,8 cm. Capacidad 600 ml. Vaso mezclador en acero 202 con acabado negro mate y tapa con colador incorporad",5a9b91cb-607f-45fa-bcd4-c1c1a782a8c1,bebidas-termos-vasos,b7bd4288-c117-4306-b4f3-d16f8d49ae76,shakers-deporte,HIGH_CONFIDENCE_EXACT,1.0,match:\bshaker\b,shakers-deporte
4c5b0169-77b4-444b-bddd-2eebf372111c,pp_f1e90baff2a2627e63d253a1,,"Lonchera ""CHECA""","11,5 x 5,8 x 21,5 cm. Plástico Polipropileno. Contenedor de alimentos. Tapa translúcida con bandeja porta cubiertos, anillo de silicona antiderrame y ajustes de seguridad en sus la",,,,,MANUAL_REVIEW_AMBIGUOUS,0.4,"multi_cat: ['bolsas-mochilas-viaje', 'hogar-cocina']",hieleras-coolers/utensilios-cocina
4ceb611c-9a91-4075-a329-2a3c348e9165,pp_25e0f0fe620f3e757e0a5b84,,LAMPARA PLEGABLE,"17 x 3,9 x 4,5 cm. Plástico ABS. Lámpara plegable con detalles de color gris en el interior. Botón que cambia la intensidad de la luz al presionarlo. Se encenderá una luz roja cuan",,,,,MANUAL_REVIEW_AMBIGUOUS,0.4,"multi_cat: ['herramientas-auto', 'tecnologia']",lamparas-gadgets-usb/accesorios-auto
4da8806f-3a7d-4c0c-8938-165907ca9f36,pp_5988085d6d2fc9ea7b480376,,"cable de carga rápida ""SPIDY""","Carga al instante, vive sin límites.Cable de carga rápida. Entrada 2 en 1: USB y USB-C. Salida:  USB-C, microUSB y lightning. Max 20V 3A. Color gun con toques naranjas en cada cone",73bc893a-e0cb-4f14-a593-2c93353dc50d,tecnologia,1994c87a-63af-4817-a412-2229508a7039,cargadores-cables,HIGH_CONFIDENCE_EXACT,1.0,match:\bcable\b,cargadores-cables
4dc926da-3a30-44ef-a9d3-24f35143a055,pp_694a1f43b6770be5dfb593c9,,"Mochila ""TRIBECA""",29 x 41 x 12 cm. Capacidad 14 litros. Políester 300D. Mochila portanotebook de hasta 16 pulgadas. Compartimento principal con bolsillo acojinado porta notebook y bolsillos organiza,,,,,MANUAL_REVIEW_AMBIGUOUS,0.4,"multi_cat: ['bolsas-mochilas-viaje', 'libretas-cuadernos']",mochilas-backpacks/libretas
4df05862-de2e-4d87-8265-baf66af63ff4,pp_1d5a86bfbe5d42bd606e807f,,"Mug térmico ""NORDICO""","La elegancia y la funcionalidad se encuentran.Mug doble pared, sellado al vacío. Interior en acero 304 / exterior en acero 201, con detalles de Bambú. Tapa plástica transparente a ",5a9b91cb-607f-45fa-bcd4-c1c1a782a8c1,bebidas-termos-vasos,dafde7ec-418f-4071-af3e-3ddc803feaa0,termos,HIGH_CONFIDENCE_EXACT,1.0,match:termic,termos
502abeb6-0c6a-4df5-8917-cb8ceb709304,pp_5ad76c164ecb39e1e9b6e978,,"Mug térmico ""TORCH""","Mantén tus bebidas a la temperatura perfecta.Mug doble pared, sellado al vacío. Mug con aislamiento térmico. Tecnología vacuum. Interior en acero 304 y exterior en acero 201. Tapa ",,,,,MANUAL_REVIEW_AMBIGUOUS,0.4,"multi_cat: ['bebidas-termos-vasos', 'outdoor-deporte-recreacion']",termos/tazas-mugs/juegos-recreacion
512197b4-10cb-4e6d-99ed-5e259bf102ec,pp_ce266a924cecad70645a18c6,,"Set de corte ""BAMBCUT""",40 x 30 x 1.2 cm. Bambú. Set de corte. Tabla de Bambú con afilador incorporado y cuchillo. Cuchillo de acero inoxidable con mango en madera color negro de 32.5 cm . Afilador de plá,,,,,MANUAL_REVIEW_NO_SIGNAL,0.0,sin señal léxica,no_rule
529d9226-08b9-46e2-b90d-ab9b66e7f6d7,pp_03de6f92418b7776965ca5c7,,ESPEJO DE BAMBÚ CIRCULAR ¨BELLA¨,"Ø 7,3 cm. Espesor 8mm. Bambú y vidrio. Espejo pocket circular revestido en bambú. Un material noble para acompañarte siempre.",da3310b3-9226-4f64-ade9-3a7f51abf7d0,salud-bienestar-seguridad,a7a46cd7-503d-45aa-bbcd-e88ec764b999,belleza-cuidado-personal,HIGH_CONFIDENCE_EXACT,1.0,match:espejo,belleza-cuidado-personal
54cf8241-fd2b-4ce7-940d-b7b4f35fd64c,pp_bef3a1bedab369b505a7b3ad,,"Botella ""Belize""","Ø 5,5 x 19,5 cm. Capacidad 440 ml. Vidrio. Cuerpo traslúcido. Funda de neopreno para proteger la botella y mantener la temperatura de las bebidas. Tapa de acero inoxidable con tira",5a9b91cb-607f-45fa-bcd4-c1c1a782a8c1,bebidas-termos-vasos,dd7255b0-a98b-422a-be20-4f478e9da9d7,botellas-cilindros,HIGH_CONFIDENCE_EXACT,1.0,match:botella,botellas-cilindros
5596a8ae-6727-4099-9388-4caab77eecee,pp_1edee8799e5e1a985be8be34,,"Botella térmica con dos tapas ""ROLLING TOP""","Una botella, dos formas de usarla.

Set de botella con dos tapas. Botella doble pared, sellada al vacío. Interior de acero 304 y exterior de acero 201. Bicolor. Pintura Powder co",5a9b91cb-607f-45fa-bcd4-c1c1a782a8c1,bebidas-termos-vasos,dafde7ec-418f-4071-af3e-3ddc803feaa0,termos,HIGH_CONFIDENCE_EXACT,1.0,match:termic,termos
56908e81-b886-42db-a24f-6df29796e6b0,pp_86f5bab82fba55b586e839aa,,"Set de Asado / BBQ ""BRANGUS""","43 x 26 x 1,2 cm. Madera y acero inoxidable. Set de asado. Tabla de corte / Bandeja de madera de acacia con asa de ambos lados de acero de carbono. Contiene 2 utensilios de acero i",a9a77a11-d44e-4d23-a182-ab25fd11e3f9,hogar-cocina,a23a4c30-00c4-426f-90b3-c51e21ed8f10,utensilios-cocina,HIGH_CONFIDENCE_EXACT,1.0,match:utensilio,utensilios-cocina
56b9d870-1141-4dae-87d3-b223386bf01e,pp_d3d47afd6d82f2b7891ec8a4,,"BOTELLA TÉRMICA ""ISLA""","Ø 7 x 25,5 cm. Capacidad 500 ml. Acero inoxidable. Botella doble pared, sellada al vacío. Interior de acero 304 y exterior de acero 201. Cuerpo y tapa a rosca del mismo color. Mant",5a9b91cb-607f-45fa-bcd4-c1c1a782a8c1,bebidas-termos-vasos,dafde7ec-418f-4071-af3e-3ddc803feaa0,termos,HIGH_CONFIDENCE_EXACT,1.0,match:termic,termos
58043e3b-6f6b-4f44-91b1-660f3f2a43ec,pp_a168b488709d37901495305a,,"MOCHILA ""KALA""",28 x 42 x 12 cm. Capacidad 14 litros aprox. Tela de yute - imitación. Poliéster 100%. Mochila portanotebook de hasta 16 pulgadas. Amplio bolsillo frontal con cierre lateral. Posee ,,,,,MANUAL_REVIEW_AMBIGUOUS,0.4,"multi_cat: ['bolsas-mochilas-viaje', 'libretas-cuadernos']",mochilas-backpacks/libretas
587f5fa5-a8ff-4ce3-8bb8-8245fe051124,pp_a2e7dcf099854ebb8a22afd0,,"Adaptador universal ""TRAVIS""","Tu compañero de viaje que no puede faltar.Adaptador universal de viaje. Tres enchufes: dos de la Unión Europea y uno del Reino Unido. Tipo de patas: redondas, cruzadas y paralelas.",,,,,MANUAL_REVIEW_AMBIGUOUS,0.4,"multi_cat: ['bolsas-mochilas-viaje', 'tecnologia']",bolsas-ecologicas-non-woven/bolsas-tote-shopping/cargadores-cables
594c2ff4-3c6b-4818-ba30-2647d8ed0d7a,pp_b84cbe1c8b418afbadb74bb5,,Cooler ¨Aruba¨,"28 x 25 x 25 cm. Capacidad 17,5 litros. Poliéster 420D. Interior recubierto de aluminio. Exterior con bolsillo y cierre que permite guardar pequeños objetos. Tira con regulador de ",b55ad3e5-2743-444f-b101-3702f81d55f6,bolsas-mochilas-viaje,1fcf5c4c-59d9-486e-b7e5-09a6f493ae33,hieleras-coolers,HIGH_CONFIDENCE_EXACT,1.0,match:\bcooler\b,hieleras-coolers
598779da-0834-446f-a4e5-25dfcb96f365,pp_39c053bfa19c6739b6cbc4d1,,"Mochila ""CORCEGA""","28 x 41 x 11 cm. Capacidad 13 litros. Poliester 300D / PVC Wulong. Tela interior poliéster 210 D. Mochila portanotebook hasta 15"". Compartimento principal con bolsillo para noteboo",,,,,MANUAL_REVIEW_AMBIGUOUS,0.4,"multi_cat: ['bolsas-mochilas-viaje', 'libretas-cuadernos']",mochilas-backpacks/libretas
5b8fe2b1-fcac-4336-abcb-0b06c35a1a47,pp_8929b06088f40e65d8923790,,"Mug térmico ""MALLOW""","La compañia perfecta para tus bebidasMug doble pared, sellado al vacío. Interior en acero 304 y exterior en acero 201. Tapa plástica transparente a presión con anillo de silicona. ",5a9b91cb-607f-45fa-bcd4-c1c1a782a8c1,bebidas-termos-vasos,dafde7ec-418f-4071-af3e-3ddc803feaa0,termos,HIGH_CONFIDENCE_EXACT,1.0,match:termic,termos
5d431415-3461-4f9f-8856-2e2fa68e0186,pp_5f227144a931ec142337fd28,,"Mug sublimable ""DIANA""",Personaliza cada sorbo.Mug sublimable doble pared. Interior de plástico Polipropileno y exterior de acero 201. Tapa plástica transparente a presión con anillo de silicona. Pintura ,5a9b91cb-607f-45fa-bcd4-c1c1a782a8c1,bebidas-termos-vasos,3ac4291e-53ab-4bdc-b42a-9fc84648ba4f,tazas-mugs,HIGH_CONFIDENCE_EXACT,1.0,match:\bmug\b,tazas-mugs
64042428-ffd7-4e85-a6aa-aa59260470cf,pp_c6754cc3df0efea1294068f2,,"Necessaire "" PETUNIA""",Organiza tu viaje con estilo Y practicidad.Necessaire colgante. Compartimento principal con cierre y asa de tela para transportar. Interior: compartimento superior rebatible con ga,,,,,MANUAL_REVIEW_NO_SIGNAL,0.0,sin señal léxica,no_rule
64142157-6dbe-4973-9573-5ae181c8559e,pp_8c8b7f9fd91d126c7a1ffb07,,"Libreta ""TREK""",Lista para acompañar cada planLibreta. Tapa de cartón rígido recubierta en poliuretano bicolor (diferentes colores combinados con negro). Interior de 80 hojas rayadas en papel obra,2c4837bb-b5f0-47d3-8bb5-710f16f9a297,libretas-cuadernos,067c4d5d-d3d5-48b2-8678-5300800da356,libretas,HIGH_CONFIDENCE_EXACT,1.0,match:\blibreta\b,libretas
6510c6d1-3220-496a-8c12-88ad6153337b,pp_e69e1920745881eb514c0fab,,"Cafetera Prensa Francesa ""BAMBCOFFEE""",Ø 8 x 18 cm. Capacidad 600ml. Vidrio de Borosilicato + Tapa de bambú. Cafetera Prensa Francesa con filtro de aluminio. Presentación en caja de regalo Kraft.,a9a77a11-d44e-4d23-a182-ab25fd11e3f9,hogar-cocina,d3649357-6cf1-493d-bb3d-36d42e485a6e,cafe-te-servicio,HIGH_CONFIDENCE_EXACT,1.0,match:cafeter,cafe-te-servicio
653660dc-cb48-411e-bdeb-2a0885d5b0e6,pp_b4d90836be7d8245cf9bb1ab,,"MUG ""NORI""",Ø 8 cm X 17.6 cm. Capacidad 500 ml. Polipropileno y acero inoxidable. Mug doble pared. Interior en plástico y exterior de acero inoxidable 201. Tapa plástica transparente a presión,5a9b91cb-607f-45fa-bcd4-c1c1a782a8c1,bebidas-termos-vasos,3ac4291e-53ab-4bdc-b42a-9fc84648ba4f,tazas-mugs,HIGH_CONFIDENCE_EXACT,1.0,match:\bmug\b,tazas-mugs
66213018-4ab2-4107-9e70-9814b2a1caef,pp_e050db616217dd0791bfb0e0,,NECESSAIRE,"25,5 x 19 x 8 cm. Polyester 600D. Colgante, con manija para transportar, cierre de apertura completa, 2 compartimentos internos plásticos transparentes, 2 bolsillos internos de red",,,,,MANUAL_REVIEW_NO_SIGNAL,0.0,sin señal léxica,no_rule
670b3936-7717-42d3-8385-1b03a8af17b4,pp_e7e73ab25faae4a2f947b361,,"TABLA PARA QUESOS ""FRANCIA""","29,8 x 18,7 x 1,2 cm. Bambú y Acero inoxidable . Tabla de bambú con set de 3 utensilios de acero inoxidable 210 con mango de madera: 2 cuchillos y 1 tenedor. Tabla para cortar y pr",a9a77a11-d44e-4d23-a182-ab25fd11e3f9,hogar-cocina,a23a4c30-00c4-426f-90b3-c51e21ed8f10,utensilios-cocina,HIGH_CONFIDENCE_EXACT,1.0,match:utensilio,utensilios-cocina
67a50add-704b-4141-bdce-16319c0ae2a9,pp_cc71853183a1f5a074f7b229,,"Mochila ""FORCE 9""","Comodidad y Organización en cada Trayecto.Mochila portanotebook de hasta 16 pulgadas.  Cuenta con dos compartimentos: Compartimento posterior con cierre, bolsillo portanotebook de ",,,,,MANUAL_REVIEW_AMBIGUOUS,0.4,"multi_cat: ['bolsas-mochilas-viaje', 'libretas-cuadernos', 'outdoor-deporte-recreacion']",mochilas-backpacks/libretas/paraguas-impermeables
67d8a9f8-b2ec-448b-83d9-a3f10aabf1ef,pp_8e98912b7faecae917e621bb,,"Taza ""MIKA""",Práctica y elegante.Taza con tapa. Tapa plástica a presión color negro con anillo de silicona. Base de corcho.  Pintura con acabado mate. Producto apto para microondas siempre reti,5a9b91cb-607f-45fa-bcd4-c1c1a782a8c1,bebidas-termos-vasos,3ac4291e-53ab-4bdc-b42a-9fc84648ba4f,tazas-mugs,HIGH_CONFIDENCE_EXACT,1.0,match:\btaza\b,tazas-mugs
68494ba8-fc8a-4549-ac07-fc064e858a78,pp_af623e12b043748915205e36,,Bocina bluetooth “Landia”,"Ø 4,5 x 7 cm. (aprox). Plástico engomado. Mini bocina bluetooth. En la base: goma antideslizante, interruptor de encendido y apagado, botón de reproducción/pausa, respuesta y final",73bc893a-e0cb-4f14-a593-2c93353dc50d,tecnologia,1994c87a-63af-4817-a412-2229508a7039,cargadores-cables,HIGH_CONFIDENCE_EXACT,1.0,match:\bcable\b,cargadores-cables
69d83c6d-3469-4626-862e-8115502a7dc9,pp_c814e22fd2fc28583e80df59,,"Botella Deportiva ""GRAF""",Motivación que refresca y acompaña.Botella deportiva motivacional. Botella de colores pastel en degradé bicolor con acabado frost. Tapa plástica combinada en color negro con un col,,,,,MANUAL_REVIEW_AMBIGUOUS,0.4,"multi_cat: ['bebidas-termos-vasos', 'bolsas-mochilas-viaje']",deportivas-duffel/botellas-cilindros
6c7b436a-0aed-4776-84cc-93aba65dc4f0,pp_ba5e42abd3ae4a7084fe126b,,"Botella""HOP""","Ø 6,6 x 23 cm. Capacidad 600 ml. Aluminio. Cuerpo color plata, tapa de color traslucida con tira de silicona (de 8 cm) del mismo color. Ideal para hidratarte todos los días. Presen",5a9b91cb-607f-45fa-bcd4-c1c1a782a8c1,bebidas-termos-vasos,dd7255b0-a98b-422a-be20-4f478e9da9d7,botellas-cilindros,HIGH_CONFIDENCE_EXACT,1.0,match:botella,botellas-cilindros
6cefb82e-f848-4749-9390-558ffd71ad4d,pp_bb4af1de18d5d3981956444a,,"MOCHILA ""FUNCIONAL""",28 x 40 x 12 cm. Capacidad 14 litros. Poliester 300D. Mochila portanotebook de hasta 15 pulgadas. Compartimento principal con bolsillo portanotebook acojinado con tira y detalle en,,,,,MANUAL_REVIEW_AMBIGUOUS,0.4,"multi_cat: ['bebidas-termos-vasos', 'bolsas-mochilas-viaje', 'libretas-cuadernos']",mochilas-backpacks/viaje-equipaje/botellas-cilindros
6daa059e-9f3c-4cbf-bf60-66147279dc55,pp_776e6333c21f2fb250d9938a,,"Mochila ""ELEMENTAL""",Lleva lo esencial bien resuelto.Mochila portanotebook de hasta 16 pulgadas. Compartimento principal con cierre bidireccional. Interior con bolsillo acolchado portanotebook y cierre,,,,,MANUAL_REVIEW_AMBIGUOUS,0.4,"multi_cat: ['bebidas-termos-vasos', 'bolsas-mochilas-viaje', 'libretas-cuadernos']",mochilas-backpacks/botellas-cilindros/libretas
6e5f4772-a687-49e6-808f-1f45e5280bcf,pp_160df70632bdca183e5318ec,,"Botella térmica ""DORICA""","Ideal para llevar a tus actividades diarias.Botella doble pared, sellada al vacío. Interior de acero 304 y exterior de acero 201. Pintura acabado mate. Tapa a rosca con anillo de s",5a9b91cb-607f-45fa-bcd4-c1c1a782a8c1,bebidas-termos-vasos,dafde7ec-418f-4071-af3e-3ddc803feaa0,termos,HIGH_CONFIDENCE_EXACT,1.0,match:termic,termos
6faec707-ea7b-41f3-bc1b-3cf0fe817014,pp_23e36acf8f0e08153c32c8b5,,"Botella térmica ""GRIP""","Ø 7 cm x 26,5 cm. Capacidad 600 ml. Acero inoxidable. Botella doble pared, sellada al vacío. Interior en acero 304 y exterior en acero 201. Grip de silicona texturado para mejor ag",5a9b91cb-607f-45fa-bcd4-c1c1a782a8c1,bebidas-termos-vasos,dafde7ec-418f-4071-af3e-3ddc803feaa0,termos,HIGH_CONFIDENCE_EXACT,1.0,match:termic,termos
712513c3-73fb-4830-bc65-15fd1adf474c,pp_43372e5d9ad96389cf0c65d8,,"Bolsa ecológica ""TOTE I""",25 x 30 x 10 cm. Non-woven. Bolsa reutilizable termosellada no tejida con asa. Fuelle de 10 cm. Soportan hasta 2 kilos.,b55ad3e5-2743-444f-b101-3702f81d55f6,bolsas-mochilas-viaje,400b5f3e-9149-4497-a58f-43918c24c538,bolsas-tote-shopping,HIGH_CONFIDENCE_EXACT,1.0,match:\btote\b,bolsas-tote-shopping
714a740b-67eb-4cb2-8649-3dc0006fd90d,pp_6a92cee708115d7950db202d,,"Hielera "" ALASKA""","Ø 14 x 14 cm. Capacidad 1100 ml. Acero inoxidable. Interior en acero 304 y exterior en acero 201. Hielera de mesa con tapa. Pinza para hielo de acero inoxidable, encastrable en la ",b55ad3e5-2743-444f-b101-3702f81d55f6,bolsas-mochilas-viaje,1fcf5c4c-59d9-486e-b7e5-09a6f493ae33,hieleras-coolers,HIGH_CONFIDENCE_EXACT,1.0,match:hielera,hieleras-coolers
71a1cd30-aa8d-40e7-9649-20113044ed85,pp_e7c65742d828034316dc4a18,,"Necessaire ""HORTENSIA""",Ideal para tus viajes y rutinas diarias.Necessaire con amplio compartimento. Interior forrado en Poliéster 210D. Cierre con tirador metálico y asa lateral en tela de color gris.Med,,,,,MANUAL_REVIEW_NO_SIGNAL,0.0,sin señal léxica,no_rule
73015cac-eac9-4e89-adf8-4daf0620e19b,pp_f6c4fe730c0183f130ca5380,,"Resaltador ""FLOPI""","Marca lo que importaMarcador resaltador. Estructura rectangular plástica color blanco con amplia area de impresión. Punta biselada y puntera del color de la tinta.Medidas: 10,7 x 2",,,,,MANUAL_REVIEW_NO_SIGNAL,0.0,sin señal léxica,no_rule
73f02871-754d-49df-8a12-e493b99919a0,pp_2a8175c340f3357c7a219809,,"Mochila Cooler ""RIBERA""","Tu mejor aliada para salidas, picnics y viajesMochila cooler. Compartimento principal con cierre en la parte superior. Compartimento frontal con cierre. Dos bolsillos laterales de ",,,,,MANUAL_REVIEW_AMBIGUOUS,0.4,"multi_cat: ['bebidas-termos-vasos', 'bolsas-mochilas-viaje', 'hogar-cocina', 'llaveros-identificadores']",mochilas-backpacks/hieleras-coolers/botellas-cilindros
76d914a7-c33a-4f77-9393-46ca10b99aad,pp_50160d8521cb151ca1c56fd1,,"Necessaire ""MALVON""","Lleva tus cosas siempre ordenadas.Necessaire de algodón reciclado. Cierre a tono con tirador de algodón de 4,5 x 2 cm.Medidas: 23,5 x 17 x 6,5 cm. 
Materiales: Algodón reciclado d",,,,,MANUAL_REVIEW_NO_SIGNAL,0.0,sin señal léxica,no_rule
7a5c8e09-2e6c-4574-999c-6ecacea93c57,pp_68bb2aa026383b9733c3d55e,,"JUEGO DE HABILIDAD ""TORRE""",5 x 16 x 5 cm. Madera. Bloques de madera que forman una torre. Cuenta con 45 piezas totales. Presentación en caja de regalo.,dcf767d4-2f29-4904-923a-fc6a1d4f373e,outdoor-deporte-recreacion,22d6181d-1180-45bc-9399-cade08cd6066,juegos-recreacion,HIGH_CONFIDENCE_EXACT,1.0,match:\bjuego\b,juegos-recreacion
7ac74d3f-8ba7-48f8-8b81-a72a645a316b,pp_ed5c4f9850c75ef29e76df5c,,"Botella térmica ""ALLY"" SUBLIMABLE","Ø 7 cm x 23 cm. Acero inoxidable. Capacidad 450 ml. Botella doble pared, sellada al vacío. Interior de acero 304 y exterior de acero 201. Pintura color blanco brillante apta para s",5a9b91cb-607f-45fa-bcd4-c1c1a782a8c1,bebidas-termos-vasos,dafde7ec-418f-4071-af3e-3ddc803feaa0,termos,HIGH_CONFIDENCE_EXACT,1.0,match:termic,termos
7b03d7b5-dc55-47a1-8a15-7d6d0dd53714,pp_270c976aeb5985980ac1bf20,,"MUG ""UMA""",Disfruta de tus bebidas en cualquier lugar.Mug doble Pared. Interior de plástico y exterior acero inoxidable 201. Pintura Powder Coat (pintura mas duradera y resistente a la corros,5a9b91cb-607f-45fa-bcd4-c1c1a782a8c1,bebidas-termos-vasos,3ac4291e-53ab-4bdc-b42a-9fc84648ba4f,tazas-mugs,HIGH_CONFIDENCE_EXACT,1.0,match:\bmug\b,tazas-mugs
7b4fb3a3-485c-4a0b-945f-5c54d70ce528,pp_c074af8f5921212c942675e0,,"Botella deportiva ""NADAL""","Tu compañera de cada desafíoBotella deportiva motivacional. Botella de color pastel con acabado frost. Tapa plástica combinada en color negro con el de la botella. Apertura rápida,",,,,,MANUAL_REVIEW_AMBIGUOUS,0.4,"multi_cat: ['bebidas-termos-vasos', 'bolsas-mochilas-viaje']",deportivas-duffel/botellas-cilindros
7b82fce3-ff53-4b78-bceb-8e19d9670a92,pp_9a46539fbff78475e3d015e1,,"MUG ""EXTREME""","Ø 8,5 x 23 cm. Capacidad 720 ml. Acero inoxidable. Mug doble pared. Interior en acero 304 y exterior en acero 201. Manga antideslizante de silicona. Tapa plástica transparente a pr",5a9b91cb-607f-45fa-bcd4-c1c1a782a8c1,bebidas-termos-vasos,3ac4291e-53ab-4bdc-b42a-9fc84648ba4f,tazas-mugs,HIGH_CONFIDENCE_EXACT,1.0,match:\bmug\b,tazas-mugs
7bc0d5e1-5b37-449a-a25e-9bd38d1839ca,pp_9027327a60068dc0ba13b2d2,,"Jarro cervecero térmico ""OKTOBER""","Disfruta tus bebidas frías por más tiempo Jarro cervecero doble pared, sellado al vacío. Interior en acero 304 y exterior en acero 201. Mango Plástico. Pintura Powder coat (pintura",5a9b91cb-607f-45fa-bcd4-c1c1a782a8c1,bebidas-termos-vasos,dafde7ec-418f-4071-af3e-3ddc803feaa0,termos,HIGH_CONFIDENCE_EXACT,1.0,match:termic,termos
7bc431bd-65ae-4543-90b9-175d997be035,pp_559707c5b652280ffd4893e3,,"BOTELLA TÉRMICA ""GAUDÍ""","Ø 7,6 x 26,5 cm. Capacidad 600 ml. Acero inoxidable. Botella doble pared, sellada al vacío. Botella con aislamiento térmico. Tecnología vacuum. Interior en acero 304 y exterior en ",5a9b91cb-607f-45fa-bcd4-c1c1a782a8c1,bebidas-termos-vasos,dafde7ec-418f-4071-af3e-3ddc803feaa0,termos,HIGH_CONFIDENCE_EXACT,1.0,match:termic,termos
7bf7475e-81d1-4115-89cc-d3f1eee4765b,pp_fdadef650768787ab26cf264,,"Cable de carga ""UNIKEY""","Todo lo que necesitas al alcance de tu manoCable de carga con llavero. Entrada: 2 en 1 (USB + USB tipo C). Salida: USB tipo C + lightning.Medidas: 15,5 cm.
Materiales: Aleación de",,,,,MANUAL_REVIEW_AMBIGUOUS,0.4,"multi_cat: ['llaveros-identificadores', 'tecnologia']",cargadores-cables/llaveros-metalicos
7d67fd32-9bc6-4c59-8141-565c83423ee1,pp_2a55ad42d5f537f3fe130001,,"Paraguas ""VIVO""",Mantente seco y elegante.Paraguas  APERTURA AUTOMÁTICA Y CIERRE MANUAL. Eje y varillas metálicas. Tela negra con detalle de color. Mango de goma eva de doble color. Botón a presión,,,,,MANUAL_REVIEW_AMBIGUOUS,0.4,"multi_cat: ['herramientas-auto', 'outdoor-deporte-recreacion']",accesorios-auto/paraguas-impermeables
7da0adb9-3636-40e7-9e9a-19c65ac7c317,pp_11fa0342627557702cc9989d,,"Botella ""SILLY""","Hidratación a la mano.Botella de aluminio con acabado brillante. Tapa a rosca de acero inoxidable 201 y Polipropileno, con tira de silicona color negro.Medidas: Ø 6,5 x 23cm. 
Cap",5a9b91cb-607f-45fa-bcd4-c1c1a782a8c1,bebidas-termos-vasos,dd7255b0-a98b-422a-be20-4f478e9da9d7,botellas-cilindros,HIGH_CONFIDENCE_EXACT,1.0,match:botella,botellas-cilindros
7e93904b-9919-4f24-9512-9fbbcb14098d,pp_136558c7e6b6d42962eeff3d,,"Mochila ""MERIDIAN""",42 x 28 x 10 cm. Capacidad 11 litros. Poliéster 600D. Mochila urbana porta notebook de hasta 15 pulgadas. Bolsillo frontal con cierre horizontal y dos bolsillos laterales. Comparti,,,,,MANUAL_REVIEW_AMBIGUOUS,0.4,"multi_cat: ['bolsas-mochilas-viaje', 'libretas-cuadernos']",mochilas-backpacks/libretas
7ec9bd31-8614-4b84-96f5-f2bcc25913c7,pp_792f66fa540dfd5494036ee2,,"Soporte de escritorio para celular ""ATRIL""","Tu celular, a tu altura.Soporte plegable para móvil. Tiene un sistema extensible de ajuste de altura e inclinación para posicionar el celular. Base con apliques de silicona antides",73bc893a-e0cb-4f14-a593-2c93353dc50d,tecnologia,d6d4f9c1-e38a-401b-8cc8-2d55d518b6b3,soportes-celular,HIGH_CONFIDENCE_EXACT,1.0,match:soporte.*celular,soportes-celular
7f8ef083-e7f4-4aa2-8417-cafb6acc619d,pp_e9257ba82d2c65a3c31cfc26,,"Botella ""ANDINA FULL BLACK""","Única en su estilo.Botella de plástico color negro con tapa a rosca color negro mate con anillo de silicona de diferentes colores.Medidas: Ø 7 x 24,5 cm. 
Capacidad: 750 ml. 
Pes",5a9b91cb-607f-45fa-bcd4-c1c1a782a8c1,bebidas-termos-vasos,dd7255b0-a98b-422a-be20-4f478e9da9d7,botellas-cilindros,HIGH_CONFIDENCE_EXACT,1.0,match:botella,botellas-cilindros
7fb917b8-1104-41c5-bbc2-56a09c96079d,pp_c3fcc5f85a2cec371b08f943,,"Llavero de bambú ""TAG""","8,5 x 2,4 x 0,6 cm. Llavero rectangular de bambú con detalles metálicos. Presentación en caja de regalo.",d6511709-c9ab-4719-b70b-ac2b56fd9d7c,llaveros-identificadores,01301ea5-4290-4692-8edf-18585941b184,llaveros-metalicos,HIGH_CONFIDENCE_EXACT,1.0,match:llavero.*metal,llaveros-metalicos
8063c810-9f0f-4f9c-8ee6-5f500108f5ef,pp_1eaccfd1a5910257331800dc,,"Cable retráctil de carga ""JACK""","Un solo cable y múltiples posibilidades.Cable de carga retráctil con longitud de hasta 115 cm. 3 en 1. Posee tres conectores (Lightning, USB-C y USB standard).Medidas: 5 x 1,5 x 24",73bc893a-e0cb-4f14-a593-2c93353dc50d,tecnologia,1994c87a-63af-4817-a412-2229508a7039,cargadores-cables,HIGH_CONFIDENCE_EXACT,1.0,match:\bcable\b,cargadores-cables
8192507f-3afa-4aa8-af2b-790a724f66b2,pp_2613261633a31f8f6dfc37c0,,"Mug ""CAMPER""",Disfruta de tus bebidas sin derrames y sin preocupaciones.Mug doble pared. Interior de acero inoxidable 304 y exterior de polipropileno con acabado mate. Tapa de polipropileno con ,5a9b91cb-607f-45fa-bcd4-c1c1a782a8c1,bebidas-termos-vasos,3ac4291e-53ab-4bdc-b42a-9fc84648ba4f,tazas-mugs,HIGH_CONFIDENCE_EXACT,1.0,match:\bmug\b,tazas-mugs
8256baf0-4668-4d4a-a76e-f91b146d8c18,pp_a0c1a676edd1e87bb4d6c8f2,,"Bolsa de algodón ""CORD""","Ligera, reutilizable y siempre útil.Bolsa de algodón con cordones regulables. Color natural.Medidas: 15 x 20 cm. 
Materiales: 100% Algodón. 
Peso:  15g aprox. (bolsa individual) ",b55ad3e5-2743-444f-b101-3702f81d55f6,bolsas-mochilas-viaje,400b5f3e-9149-4497-a58f-43918c24c538,bolsas-tote-shopping,HIGH_CONFIDENCE_EXACT,1.0,match:\bbolsa\b,bolsas-tote-shopping
8282a323-919b-4834-9580-60508c8f3167,pp_819c938a13ee3c3e77d106a4,,"Manta y almohada de viaje ""TEDDY""","De manta a almohada en segundos: descanso inteligenteManta y almohada de viaje compacta 2 en 1. Manta de polar de alta calidad con textura aterciopelada al tacto. Doble felpa, de p",b55ad3e5-2743-444f-b101-3702f81d55f6,bolsas-mochilas-viaje,9e00857a-2148-42ba-a304-e8e435519811,mochilas-backpacks,HIGH_CONFIDENCE_EXACT,1.0,match:\bmochila\b,mochilas-backpacks
831f1b76-b041-4e00-b5bb-a21c3dd2ea3a,pp_1691548445ebf10b598f2abc,,"MOCHILA ""CITY""",30 x 44 x 8 cm. Capacidad 11 litros. Poliéster 300D . Mochila Portanotebook hasta 16'. Compartimento principal con cierre y bolsillo frontal con cierre lateral y detalle de costura,,,,,MANUAL_REVIEW_AMBIGUOUS,0.4,"multi_cat: ['bolsas-mochilas-viaje', 'libretas-cuadernos']",mochilas-backpacks/libretas
83dd1406-2c1a-4bd6-8629-07f59834fc5d,pp_ae997456959b4089db27fa40,,"Set de tazas ""Magui""","Ø 8 cm x 9,7 cm. Capacidad 350 ml. (cada taza). Vidrio + bambú. Set de dos tazas de vidrio con tapa de Bambú barnizado. Presentación en caja de regalo kraft.",5a9b91cb-607f-45fa-bcd4-c1c1a782a8c1,bebidas-termos-vasos,3ac4291e-53ab-4bdc-b42a-9fc84648ba4f,tazas-mugs,HIGH_CONFIDENCE_EXACT,1.0,match:\btaza\b,tazas-mugs
84cf9f10-3f31-4800-9f0f-dcdf032ba023,pp_ea77b811022d15e5ac514bca,,"Botella sublimable ""HEY""","Hidratate con clase.Botella de aluminio, cuerpo color blanco y tapa plástica translúcida con tira de silicona del mismo color de 8 cm de largo. Medidas: Ø 6,6 x 23 cm. 
Capacidad:",5a9b91cb-607f-45fa-bcd4-c1c1a782a8c1,bebidas-termos-vasos,dd7255b0-a98b-422a-be20-4f478e9da9d7,botellas-cilindros,HIGH_CONFIDENCE_EXACT,1.0,match:botella,botellas-cilindros
850f59b7-5560-47e5-aac8-d8a5f526cc75,pp_92cce272a0bba2bd77a19a72,,"Necessaire ""PRESTON""","Diseño compacto, practicidad en tus manosNecessaire con tapa. Organizador con dos bolsillos internos de red elastizados, tapa acolchada con cierre plástico color gris y asa lateral",,,,,MANUAL_REVIEW_NO_SIGNAL,0.0,sin señal léxica,no_rule
8522bc1c-4e53-4bf9-b13e-ba0ed14c1cd8,pp_f74e6e88eb6e3085cd2aa52d,,"Mochila ""FORLAND""",Espacio inteligente para jornadas exigentes.Mochila portanotebook de hasta 16 pulgadas. 2 compartimentos con doble cierre.  Amplio compartimento principal posterior con bolsillos a,,,,,MANUAL_REVIEW_AMBIGUOUS,0.4,"multi_cat: ['bebidas-termos-vasos', 'bolsas-mochilas-viaje', 'libretas-cuadernos']",mochilas-backpacks/botellas-cilindros/libretas
86ba992c-db5c-42e2-8d82-05456f206564,pp_a01fd746567d91d00cae5ae0,,"SET DE AUTOADHESIVOS ""XIMMY""","10,5 x 7 cm. Cartón. Set de autoadhesivos de diferentes tamaños uno de 6,5 x 5,2 cm. Y cuatro 6,5 x 1,2 cm.",64b881ad-4624-4177-be86-1ac83f4761e1,herramientas-auto,0f1136cb-f6dc-434d-bd7d-54bd9e664890,accesorios-auto,HIGH_CONFIDENCE_EXACT,1.0,match:auto,accesorios-auto
87291f5a-d44b-4390-8b88-ff4a99ca29a1,pp_f87f297f9f4c37bc5b6e06bd,,"BOCINA BLUETOOTH ""LÉUCADE""","9 x 9 x 4,4. Plástico. Bocina bluetooth cubierto en tela. En la parte inferior engomado antideslizante con botones para encender o apagar, play/pausa y responder llamadas. Botón de",73bc893a-e0cb-4f14-a593-2c93353dc50d,tecnologia,1994c87a-63af-4817-a412-2229508a7039,cargadores-cables,HIGH_CONFIDENCE_EXACT,1.0,match:\bcable\b,cargadores-cables
88704470-a119-4b4f-a877-11aee3ff452a,pp_a10e47cf84d35cd9d66c9ced,,"Mug ""MEGA""",El acompañante ideal para cualquier ocasión. Mug doble pared con popote. Interior de plástico Polipropileno y exterior de acero 201. Tapa plástica transparente a rosca con anillo d,5a9b91cb-607f-45fa-bcd4-c1c1a782a8c1,bebidas-termos-vasos,3ac4291e-53ab-4bdc-b42a-9fc84648ba4f,tazas-mugs,HIGH_CONFIDENCE_EXACT,1.0,match:\bmug\b,tazas-mugs
8897d551-f46f-4e66-995d-33fb12903e8d,pp_3afd1ffe4575849468425886,,"Lonchera ""BAMBOX""","Organiza tus comidas de manera inteligente.Contenedor de alimentos con tapa de Bambú. Posee dos compartimentos plásticos, un separador y bandeja porta set de 3 cubiertos (cuchillo,",,,,,MANUAL_REVIEW_AMBIGUOUS,0.4,"multi_cat: ['bolsas-mochilas-viaje', 'hogar-cocina', 'outdoor-deporte-recreacion']",hieleras-coolers/juegos-recreacion/utensilios-cocina
8b25963c-402f-4f16-a719-f28b3f3f7996,pp_6958807cfefb792e732c2175,,"Bolsa de algodón y yute ""YARI""","Espacio cómodo para llevar más.Bolsa de algodón con fuelle de yute laminado. Color natural. Asas cosidas de cintas de algodón de 60 x 3,3 cm.Medidas: 39,5 x 31,5 x 16 cm. 
Capacid",b55ad3e5-2743-444f-b101-3702f81d55f6,bolsas-mochilas-viaje,400b5f3e-9149-4497-a58f-43918c24c538,bolsas-tote-shopping,HIGH_CONFIDENCE_EXACT,1.0,match:\bbolsa\b,bolsas-tote-shopping
8c4101a0-a4a3-4bbd-b096-38472a1062db,pp_0a38b1131ecade427210e4e4,,"Gorra ""JEVI""",Versatilidad en cada uso.Gorra con visera. 6 paneles. Orificios de ventilación bordados. Botón forrado. Banda absorbente de poliéster. Cierre ajustable con hebilla metálica y banda,ab57049a-e314-49ae-bd51-3690a0752ab4,gorras-accesorios,c5da3f11-95bc-4e3c-857a-9b8aefbcd057,gorras,HIGH_CONFIDENCE_EXACT,1.0,match:\bgorra\b,gorras
8d20b939-df46-44fc-ac11-3b5b9c81ffb9,pp_2ba8c75b65e966ceef794c50,,"Llavero ""KICER""",Lleva un toque rústico y clásico en tu bolsillo. Llavero con forma circular. Estructura metálica con aleación de zinc con acabado brillante y panel frontal de bambú barnizado. Medi,d6511709-c9ab-4719-b70b-ac2b56fd9d7c,llaveros-identificadores,01301ea5-4290-4692-8edf-18585941b184,llaveros-metalicos,HIGH_CONFIDENCE_EXACT,1.0,match:llavero.*metal,llaveros-metalicos
8da904b1-64d5-44ad-89ee-d91597baa95b,pp_78898bd41b39042170d11971,,"Set de cubiertos ""MEALTIME""","Acero Inoxidable 420. Set de cubiertos. 5 elementos: Popote, cepillo para popote, cuchara, tenedor y cuchillo. Mango de madera para los 3 cubiertos. Todo el set está contenido en u",,,,,MANUAL_REVIEW_AMBIGUOUS,0.4,"multi_cat: ['hogar-cocina', 'salud-bienestar-seguridad']",utensilios-cocina/belleza-cuidado-personal
8dbfafab-3962-4bc8-b781-4de57cbd6b5f,pp_37741131fa488dae2ddf744a,,"Taza térmica ""TIMBER II""","Disfruta de tus bebidas a la temperatura perfecta.Taza doble pared, sellada al vacío. Interior de acero 304 y exterior de acero 201. Asa de madera color natural.  Pintura powder co",5a9b91cb-607f-45fa-bcd4-c1c1a782a8c1,bebidas-termos-vasos,dafde7ec-418f-4071-af3e-3ddc803feaa0,termos,HIGH_CONFIDENCE_EXACT,1.0,match:termic,termos
8ed33985-19d5-415d-b0dd-60fe6270fd7c,pp_96fa51e12952d9a55b427ffa,,"Soporte de escritorio para celular ""BAMBOFFICE""",14 x 8 x 0.8 cm. Bambú. Soporte de escritorio para celular. Cuenta con orificio que permite el paso del cable para facilitar la carga del dispositivo. Práctico y transportable. Pre,73bc893a-e0cb-4f14-a593-2c93353dc50d,tecnologia,1994c87a-63af-4817-a412-2229508a7039,cargadores-cables,HIGH_CONFIDENCE_EXACT,1.0,match:\bcable\b,cargadores-cables
9070ac35-a3a6-4945-8ee3-47308a785bbd,pp_9fcae270b9dad52b7831b7a6,,"Mochila ""METZ""","Ligera, funcional y lista para moverseMochila portanotebook de hasta 16 pulgadas.  Compartimento principal con bolsillo posterior acolchado portanotebook con cierre de velcro y múl",,,,,MANUAL_REVIEW_AMBIGUOUS,0.4,"multi_cat: ['bebidas-termos-vasos', 'bolsas-mochilas-viaje', 'libretas-cuadernos']",mochilas-backpacks/botellas-cilindros/libretas
914fd319-5d55-46e9-94ad-1eba19f197e3,pp_3e837f765ecac1fdf4fd49e9,,"Cable retráctil de carga ""FASTER""",Llévalo a donde vayas.Cable de carga retráctil con longitud de hasta 90 cm. Carga y transferencia de datos de alta velocidad. Carga rápida de 65W. Entrada 2 en 1: USB y USB-C. Sali,73bc893a-e0cb-4f14-a593-2c93353dc50d,tecnologia,1994c87a-63af-4817-a412-2229508a7039,cargadores-cables,HIGH_CONFIDENCE_EXACT,1.0,match:\bcable\b,cargadores-cables
91d306a4-49b9-4d7b-a69a-f9d4db5a6292,pp_61b5b77f1b4447bed35ad28d,,"Cooler ""COSTERA MINI""","Compacto, práctico y siempre listoBolso térmico. Cierre superior bidireccional. Correa regulable con hebillas plásticas. Bolsillo frontal. Capacidad ideal para transportar hasta 6 ",,,,,MANUAL_REVIEW_AMBIGUOUS,0.4,"multi_cat: ['bebidas-termos-vasos', 'bolsas-mochilas-viaje']",hieleras-coolers/termos
92f06dfb-8372-4ea5-9e07-426098b1672d,pp_0d253c58859ee25f08e8c83d,,"Mug térmico ""BISEL""","Un mug que viaja, resiste y acompañaMug doble pared, sellado al vacío. Mug con aislamiento térmico. Tecnología vacuum. Interior en acero 304 y exterior en acero 201. Tapa de polies",5a9b91cb-607f-45fa-bcd4-c1c1a782a8c1,bebidas-termos-vasos,dafde7ec-418f-4071-af3e-3ddc803feaa0,termos,HIGH_CONFIDENCE_EXACT,1.0,match:termic,termos
9365dd12-27b3-4ecb-a2f9-63f2b254e22a,pp_46715d979267a774db27d48a,,"Cooler ""COSTERA""","Todo frío, bien organizado.Bolso térmico de dos pisos . Cierres perimetrales bidireccionales. Correa regulable con hebillas plásticas. Bolsillo frontal. Amplio compartimento princi",,,,,MANUAL_REVIEW_AMBIGUOUS,0.4,"multi_cat: ['bebidas-termos-vasos', 'bolsas-mochilas-viaje']",hieleras-coolers/termos
9391e45c-27cd-429f-af80-8f230abd9718,pp_52bdd88b7a0d3f7d1e9229c1,,"Botella térmica ""CHOKER""","Ø 7,2 cm x 21,5 cm. Capacidad 500 ml. Acero inoxidable. Botella doble pared, sellada al vacío. Interior en acero 304 y exterior en acero 201. Pintura acabado mate. Tapa de poliprop",5a9b91cb-607f-45fa-bcd4-c1c1a782a8c1,bebidas-termos-vasos,dafde7ec-418f-4071-af3e-3ddc803feaa0,termos,HIGH_CONFIDENCE_EXACT,1.0,match:termic,termos
9503173c-53b4-4a1f-b24b-7e5b516ecc3f,pp_6b8bd7c8a07e2c56e881aa9d,,Botella ¨Chloe¨,"Ø 6 x 22,5 cm. Capacidad 550 ml. Aluminio. Botella de aluminio, cuerpo de diferentes colores.Tapa de acero a rosca.",5a9b91cb-607f-45fa-bcd4-c1c1a782a8c1,bebidas-termos-vasos,dd7255b0-a98b-422a-be20-4f478e9da9d7,botellas-cilindros,HIGH_CONFIDENCE_EXACT,1.0,match:botella,botellas-cilindros
98e75252-1831-4b83-a230-647067b14c72,pp_7e28141ac4d8a65918d46d77,,"Botella térmica ""TRACY""","Ø7,4 x 26,8 cm. Capacidad 500 ml. Acero inoxidable. Botella doble pared, sellada al vacío. Interior en acero 304 y exterior en acero 201, con detalles de Bambú. Tapa de acero. Mant",5a9b91cb-607f-45fa-bcd4-c1c1a782a8c1,bebidas-termos-vasos,dafde7ec-418f-4071-af3e-3ddc803feaa0,termos,HIGH_CONFIDENCE_EXACT,1.0,match:termic,termos
992e4387-1b9e-43b0-a1e0-52a118d23d61,pp_deadb10981dcb3d5ea2d91d1,,"LIBRETA ""ECO""","18 x 13.5 x 1 cm. Cuaderno de cartón con espiral. Dos autoadhesivos rectangulares (grande y mediano), cinco autoadhesivos señaladores de diferente color y bolígrafo de cartón con p",,,,,MANUAL_REVIEW_AMBIGUOUS,0.4,"multi_cat: ['boligrafos', 'herramientas-auto', 'libretas-cuadernos']",cuadernos/libretas/boligrafos-plasticos
996e11b3-6e1f-4fde-87b6-9f0e717a2dd9,pp_b959e868b69b6fda0fcc69ce,,"Botella ""HAN""","Ø 6,6 x 23,2 cm. Capacidad 600 ml. Aluminio. Botella de aluminio con cuerpo color. Tapa transparente con tira de silicona (de 8 cm) del mismo color que el cuerpo de la botella (bla",5a9b91cb-607f-45fa-bcd4-c1c1a782a8c1,bebidas-termos-vasos,dd7255b0-a98b-422a-be20-4f478e9da9d7,botellas-cilindros,HIGH_CONFIDENCE_EXACT,1.0,match:botella,botellas-cilindros
9b9a41ef-fc22-4f43-b5ee-61811a32dd8a,pp_9ab3e2f35bf9f311bd10aa76,,"CABLE CON ADAPTADORES ""MADISON""","120 cm. Aluminio y Nylon. Cable con entrada USB y diferentes adaptadores: Iphone, tipo C y Android. Viene dentro de una bolsa plásticas con cierre ziploc.",,,,,MANUAL_REVIEW_AMBIGUOUS,0.4,"multi_cat: ['bolsas-mochilas-viaje', 'tecnologia']",bolsas-tote-shopping/cargadores-cables
9babd2ae-498b-47a2-9dd5-313c1265eaff,pp_e27aae3de9d85f2d8d367e03,,"Set ejecutivo ""SENSE""","Un regalo que transmite profesionalismo.Caja de regalo compuesta por 2 artículos:
- 1 bolígrafo retráctil, cuerpo de aluminio. Clip, pulsador y puntera color gris gun. Tinta negra",,,,,MANUAL_REVIEW_AMBIGUOUS,0.4,"multi_cat: ['boligrafos', 'libretas-cuadernos']",agendas-planners/libretas/boligrafos-plasticos
9bce56cf-7360-413f-aa85-ca1a6ccb1d11,pp_b31de75fa5d0e320d1e6db75,,"Bandolera ""MORRIS""",Comodidad pensada para el día a día.Bolso bandolera de un hombro. Compartimento principal con cierre bidireccional. Interior con bolsillo posterior elastizado. Cierre frontal horiz,,,,,MANUAL_REVIEW_NO_SIGNAL,0.0,sin señal léxica,no_rule
9bd5fa23-373d-45ed-a8f7-906b20e461c0,pp_5e62a2c5e6d1ce596dd74639,,"Set de vino y Tabla para quesos ""WINCHESTER""","Sorprende con estiloSet de accesorios para vino y corte de quesos. Caja con tapa deslizable de bambú. Tapa / tabla de corte de 24 x 12 x 0,8 cm. Contiene 5 piezas: Destapador sacac",,,,,MANUAL_REVIEW_AMBIGUOUS,0.4,"multi_cat: ['bolsas-mochilas-viaje', 'hogar-cocina']",bolsas-ecologicas-non-woven/sacacorchos-bar/destapadores
9e8bf0f4-4a39-4b5c-b7bc-de0440b3734f,pp_de8904e8bd646bab630d01df,,"Bolsa de algodón ""RECOTI FULL COLOR""","Suma identidad con colorBolsa reutilizable de diferentes colores. Asas cosidas de 70 x 2,5 cm. del mismo color.Medidas: 38 x 42 cm. 
Materiales: 50% Algodón reciclado y 50% Poliés",b55ad3e5-2743-444f-b101-3702f81d55f6,bolsas-mochilas-viaje,400b5f3e-9149-4497-a58f-43918c24c538,bolsas-tote-shopping,HIGH_CONFIDENCE_EXACT,1.0,match:\bbolsa\b,bolsas-tote-shopping
a02f7a78-0aa2-44b3-a05c-802532ed142a,pp_d0147ccc4a9bca103f97db71,,"Gorra ""TRAC""",Frescura y estilo en movimiento.Gorra con visera. 5 paneles. Panel frontal y visera de algodón. Paneles posteriores de malla poliéster del mismo color. Botón forrado. Banda absorbe,ab57049a-e314-49ae-bd51-3690a0752ab4,gorras-accesorios,c5da3f11-95bc-4e3c-857a-9b8aefbcd057,gorras,HIGH_CONFIDENCE_EXACT,1.0,match:\bgorra\b,gorras
a24444c2-292c-4578-b1ca-9b68b4f0a9ce,pp_31259dffefd42b89e6a39eac,,"MINI NOTEBOOK ""MEMO""","10,5 x 7,8 x 1,1 cm Cartón. Material reciclado. 80 hojas lisas blancas. 5 blocs autoadhesivos rectangulares de diferentes colores. 1 bolígrafo de tinta negra.",,,,,MANUAL_REVIEW_AMBIGUOUS,0.4,"multi_cat: ['boligrafos', 'herramientas-auto', 'libretas-cuadernos']",libretas/boligrafos-plasticos/accesorios-auto
a2998fd0-9147-476f-a465-4f5b03240f64,pp_b6088f97afb9b5c55b865779,,"Set de corte ""NAPOLE""",Un detalle único para sorprenderSet de corte para pizzas. Incluye 2 utensilios: Cuchillo curvo con hoja dentada y perforada para un corte limpio y eficaz; y una cuchilla circular g,a9a77a11-d44e-4d23-a182-ab25fd11e3f9,hogar-cocina,a23a4c30-00c4-426f-90b3-c51e21ed8f10,utensilios-cocina,HIGH_CONFIDENCE_EXACT,1.0,match:utensilio,utensilios-cocina
a35fe38e-a9b4-414a-9d4b-e2de786699a5,pp_dc20a6412ebb5c91e63732d9,,"Gorra ""PENTA""",Diseño simple que funciona siempre.Gorra con visera. 5 paneles. Orificios de ventilación bordados. Botón forrado. Banda absorbente de poliéster. Cierre ajustable de velcro.Medidas:,ab57049a-e314-49ae-bd51-3690a0752ab4,gorras-accesorios,c5da3f11-95bc-4e3c-857a-9b8aefbcd057,gorras,HIGH_CONFIDENCE_EXACT,1.0,match:\bgorra\b,gorras
a3da0aa1-8959-40ff-bf29-161227edcbb5,pp_dcf85637d6e7683700ff24a1,,"Mochila ""DAKAR""",Resistencia pensada para el uso diarioMochila portanotebook de hasta 16 pulgadas.  Amplio compartimento principal con bolsillo posterior acolchado portanotebook con cierre de velcr,,,,,MANUAL_REVIEW_AMBIGUOUS,0.4,"multi_cat: ['bebidas-termos-vasos', 'bolsas-mochilas-viaje', 'libretas-cuadernos']",mochilas-backpacks/botellas-cilindros/libretas
a3df679a-3725-4583-a717-f2b3d4546fe2,pp_7d19918ec234f109145f6ad0,,"SET DE ESCRITORIO ""CARDBOARD""","14 x 1,5 x 6,5 cm. Cartón. Set de regla, 1 bloc adhesivo cuadrado de color y 3 en forma de flecha, 1 bolígrafo con pulsador, clip y puntera plástica. Tinta negra. Estuche con divis",12fa2e5e-99c9-4a71-9483-c2e2b5b5a8c5,boligrafos,ce1e16a3-f1f3-493f-aeb8-a8f254c6ea55,boligrafos-plasticos,HIGH_CONFIDENCE_EXACT,1.0,match:\bboligrafo\b,boligrafos-plasticos
a4581c06-8445-4f58-90ef-289e715e60d3,pp_5016c1959446fb5ac8b6dbd1,,"BOTELLA TÉRMICA ""MUAK""","Ø 6,5 x 26,5 cm. Capacidad 500 ml. Acero inoxidable. Botella doble pared, sellada al vacío. Interior de acero 304 y exterior de acero 201. Tapa a rosca y base metálica color plata.",5a9b91cb-607f-45fa-bcd4-c1c1a782a8c1,bebidas-termos-vasos,dafde7ec-418f-4071-af3e-3ddc803feaa0,termos,HIGH_CONFIDENCE_EXACT,1.0,match:termic,termos
a5b2921a-6f0e-4bdb-89aa-bbd586d21e44,pp_050954e5ca8bc145174ed3b9,,"Bolsa de algodón ""TOTI""","Ideal para llevar tu marca al frenteBolsa reutilizable color natural. Asas cosidas de 55 x 2,5 cm.Medidas: 25 x 30 cm. 
Materiales: 100% Algodón. 
Peso:  40g aprox. (bolsa indivi",b55ad3e5-2743-444f-b101-3702f81d55f6,bolsas-mochilas-viaje,400b5f3e-9149-4497-a58f-43918c24c538,bolsas-tote-shopping,HIGH_CONFIDENCE_EXACT,1.0,match:\bbolsa\b,bolsas-tote-shopping
a76a94eb-57ca-4ac8-86fc-e681321c5f25,pp_1d372cff6344e762b49dce94,,LLAVERO DESTAPADOR,"5,5 x 1 x 1,1 cm. Aluminio. Llavero que permite ser usado como destapador.",,,,,MANUAL_REVIEW_AMBIGUOUS,0.4,"multi_cat: ['hogar-cocina', 'llaveros-identificadores']",llaveros-metalicos/destapadores
aa1124ff-b8af-44ec-8a31-c3458addc3f4,pp_6c886272d5c470b561fd4ce4,,"Botella plegable ""PITCH""",Cuando empieza el partido se despliega la hidratación. Botella plegable con forma de pelota de fútbol. Al desplegarse se descubre la imagen de un campo de juego. Tapa plástica con ,,,,,MANUAL_REVIEW_AMBIGUOUS,0.4,"multi_cat: ['bebidas-termos-vasos', 'outdoor-deporte-recreacion']",botellas-cilindros/balones-pelotas/juegos-recreacion
aa1614d2-5317-4cd3-a679-a5561bb97c5a,pp_9966cee29e9be7078f84d7cf,,"Figura antiestrés ""OM ESTRELLA""","Un pequeño alivio para el día a día.Figura antiestrés con forma de estrella.Medidas: 8 x 7 x 3 cm.
Material: Espuma de poliuretano
Peso: 13 g.",,,,,MANUAL_REVIEW_NO_SIGNAL,0.0,sin señal léxica,no_rule
ad5b2f34-ea62-497a-a52d-3256b4ca8075,pp_f5310a17766a8ae2732c5769,,"Mug térmico ""MUG-BAR""","Disfruta de tus bebidas frías o calientes con estilo.Mug doble pared, sellado al vacío. Interior en acero 304 y exterior en acero 201. Tapa plástica con boca ancha a presión con an",5a9b91cb-607f-45fa-bcd4-c1c1a782a8c1,bebidas-termos-vasos,dafde7ec-418f-4071-af3e-3ddc803feaa0,termos,HIGH_CONFIDENCE_EXACT,1.0,match:termic,termos
ad951937-4e3a-4b1b-b2be-2538569d98af,pp_2c2da8ef44de94c6e8c276b9,,"HUMIDIFICADOR DE AMBIENTE  ""ROSE""","13,4 x 13,4 x 10,2 cm. Plástico ABS. Capacidad 300 ml. Aromatizador de ambiente con 7 tonalidades de luz que se van alternando. Cuenta con un timer (botón) que permite regular el t",73bc893a-e0cb-4f14-a593-2c93353dc50d,tecnologia,1994c87a-63af-4817-a412-2229508a7039,cargadores-cables,HIGH_CONFIDENCE_EXACT,1.0,match:\bcable\b,cargadores-cables
add81aa9-8625-4c16-9c6b-ceeccd9c8465,pp_e6978282e12c108794ce9add,,"Mochila ""FORCE 6""","Optimiza tu espacio con múltiples compartimientos.Mochila urbana portanotebook de hasta 16 pulgadas. Compartimento principal con cierre, interior con 2 bolsillos, bolsillo porta no",,,,,MANUAL_REVIEW_AMBIGUOUS,0.4,"multi_cat: ['bolsas-mochilas-viaje', 'libretas-cuadernos']",mochilas-backpacks/libretas
af043d4f-ed0f-4e1b-85fb-10507679bbf6,pp_e191bebac140179dec2de78d,,"Llavero ""KIREC""",Sencillez y estilo en un diseño natural y funcionalLlavero con forma rectangular. Estructura metálica con aleación de zinc con acabado brillante y panel frontal de bambú barnizado.,d6511709-c9ab-4719-b70b-ac2b56fd9d7c,llaveros-identificadores,01301ea5-4290-4692-8edf-18585941b184,llaveros-metalicos,HIGH_CONFIDENCE_EXACT,1.0,match:llavero.*metal,llaveros-metalicos
b2848d9e-afa6-4c87-9233-175d85e7eb18,pp_10687dabd6827bae07fd353b,,"Carry on ""MOU MAX""",Más capacidad para moverte sin límites.Valija / Maleta de cabina pequeña expandible. 8 ruedas con giro 360°. Manija de transporte reforzada y engomada. Mango extensible hasta 54 cm,b55ad3e5-2743-444f-b101-3702f81d55f6,bolsas-mochilas-viaje,e7907aaa-d27a-4318-b918-72a395c0e946,viaje-equipaje,HIGH_CONFIDENCE_EXACT,1.0,match:\bmaleta\b,viaje-equipaje
b462cdde-ce23-4249-9cf9-1ee7fd30ef62,pp_a3a9236e25a8f748c7534b7a,,"Mug térmico ""CAPPU""","Hecho para acompañar tu rutina.Mug doble pared, sellado al vacío. Aislamiento térmico. Tecnología vacuum. Interior en acero 304 reciclado y exterior en acero 201 reciclado. Tapa de",5a9b91cb-607f-45fa-bcd4-c1c1a782a8c1,bebidas-termos-vasos,dafde7ec-418f-4071-af3e-3ddc803feaa0,termos,HIGH_CONFIDENCE_EXACT,1.0,match:termic,termos
b48067b7-f688-4452-86ab-022ee8e0356d,pp_40c12510f2a0fba426d389d3,,"Mochila ""FORCE 10""","Organización inteligente, estilo profesionalMochila portanotebook de hasta 16 pulgadas.  Cuenta con tres compartimentos: Compartimento posterior con bolsillo acolchado portanoteboo",,,,,MANUAL_REVIEW_AMBIGUOUS,0.4,"multi_cat: ['bolsas-mochilas-viaje', 'libretas-cuadernos']",mochilas-backpacks/libretas
b4947d38-4e05-41aa-93e7-afe5907ed064,pp_a4eed2ded95565cd045ecfad,,"Power bank ""MAGNET""",Mantente conectado en todo momento.Power bank inalámbrico con aro magnético. Color blanco mate y brillante en la parte delantera. Posee indicador digital de capacidad. Entrada y sa,73bc893a-e0cb-4f14-a593-2c93353dc50d,tecnologia,64b67871-1406-41f9-bc95-afa883f06171,power-banks,HIGH_CONFIDENCE_EXACT,1.0,match:power\s*bank,power-banks
b53c4082-0441-4845-9142-aff25a56e09b,pp_a59d7e1a60effd76b4ff4873,,"Termo ""POTTER""","Disfruta de cada sorbo, caliente o frío.Termo con doble pared sellado al vacío. Tecnología vacuum. Acero inoxidable 304 interior / 201 exterior. Tapa y taza plásticas en color negr",5a9b91cb-607f-45fa-bcd4-c1c1a782a8c1,bebidas-termos-vasos,dafde7ec-418f-4071-af3e-3ddc803feaa0,termos,HIGH_CONFIDENCE_EXACT,1.0,match:\btermo\b,termos
b6279703-3a27-4a75-a4a0-9dfa0dd9667c,pp_76eb5aba40e5422efb867178,,"Gorro ""PILU""","Estilo Relajado y Protección bajo el sol.Gorro pescador. Ala ancha. Costuras reforzadas. Banda absorbente de poliéster. Medidas:  Ø 28 cm. x  8,5  cm.  / Ala 5,5 cm. /  57 cm. circ",ab57049a-e314-49ae-bd51-3690a0752ab4,gorras-accesorios,f4700a8d-99a5-402e-a50c-d632e007183e,beanies-gorros,HIGH_CONFIDENCE_EXACT,1.0,match:\bgorro\b,beanies-gorros
b65b1a45-5df6-4f90-81ac-a7fb076a3cdb,pp_726108e3f119a9cbbe5b350d,,"Adaptador HUB multipuerto ""HAMEL""","Multiplica tus conexiones y optimiza tu espacio.Adaptador HUB multipuerto. Entrada: 3 USB + 1 USB tipo C. Salida: 2 en 1 (USB y USB tipo C). Cable negro de conexión.Medidas: 9,6 x ",73bc893a-e0cb-4f14-a593-2c93353dc50d,tecnologia,1994c87a-63af-4817-a412-2229508a7039,cargadores-cables,HIGH_CONFIDENCE_EXACT,1.0,match:\bcable\b,cargadores-cables
b7380443-028d-4112-8f1c-30c6607681d5,pp_3a85e0fc94515708a3ff801b,,"Tabla de quesos ""CHEDDAR""","Regala funcionalidad y estilo.Tabla de bambú con set de 3 utensilios de acero inoxidable 420 con mango de madera de caucho: 1 cuchillo, 1 tenedor y 1 espátula. Medidas: 38 x 18,4 x",a9a77a11-d44e-4d23-a182-ab25fd11e3f9,hogar-cocina,a23a4c30-00c4-426f-90b3-c51e21ed8f10,utensilios-cocina,HIGH_CONFIDENCE_EXACT,1.0,match:espatula,utensilios-cocina
b7cee13d-0b7e-4c4e-b979-59bed5aff806,pp_ae6725b65f72fbf37324da3a,,"Lámpara ""DAMBEL""",Tres modos de luz para iluminar tu espacio con estilo y versatilidad.Lámpara. Luz led. Botón táctil de encendido/apagado que regula la intensidad y cambia tres modos de luz (cálida,73bc893a-e0cb-4f14-a593-2c93353dc50d,tecnologia,1994c87a-63af-4817-a412-2229508a7039,cargadores-cables,HIGH_CONFIDENCE_EXACT,1.0,match:\bcable\b,cargadores-cables
b7eff8cd-a34d-4de2-964f-49c7ec4cd65f,pp_9418ea5512ee804119aaf103,,"Power bank ""BATEL""","Energía lista cuando la necesitasPower bank. Batería portátil. Pantalla digital LED. 2 puertos USB de salida: 5V 2A, entrada micro USB y USB-C: 5V 2A. Puerto USB-C de entrada/salid",73bc893a-e0cb-4f14-a593-2c93353dc50d,tecnologia,64b67871-1406-41f9-bc95-afa883f06171,power-banks,HIGH_CONFIDENCE_EXACT,1.0,match:power\s*bank,power-banks
b9fda9b1-07d0-47de-8b3b-29d7a49e17f5,pp_d27ef7525cd164b42766a272,,"Taza ""Magui""","Simplicidad y elegancia en cada sorbo.Taza de vidrio con tapa de Bambú barnizado.Medidas: Ø 8 cm x 9,7 cm. 
Capacidad: 350 ml. 
Materiales: Vidrio + bambú. 
Presentación: en caj",5a9b91cb-607f-45fa-bcd4-c1c1a782a8c1,bebidas-termos-vasos,3ac4291e-53ab-4bdc-b42a-9fc84648ba4f,tazas-mugs,HIGH_CONFIDENCE_EXACT,1.0,match:\btaza\b,tazas-mugs
ba6bd975-7d14-4897-aaeb-a559016c419b,pp_9ef7eb71ca74829d08f5430f,,"Botella ""ESCARF""","Un básico con estilo propioBotella de vidrio. Tapa de bambú, polipropileno y anillo de silicona antiderrame. Correa de silicona de diferentes colores.Medidas: Ø 6,4 x 22,8 cm. 
Ca",5a9b91cb-607f-45fa-bcd4-c1c1a782a8c1,bebidas-termos-vasos,dd7255b0-a98b-422a-be20-4f478e9da9d7,botellas-cilindros,HIGH_CONFIDENCE_EXACT,1.0,match:botella,botellas-cilindros
bd04244a-2a54-468b-b628-4c13d074a2e9,pp_2fb0717ead8de46202af473c,,"Set de viaje ""VOLARE""","Detalles que ordenan tu viaje.Set de funda para pasaporte y etiqueta de identificación colgante para equipaje. Funda rígida acolchada con palabra PASSPORT grabada en bajorrelieve, ",b55ad3e5-2743-444f-b101-3702f81d55f6,bolsas-mochilas-viaje,e7907aaa-d27a-4318-b918-72a395c0e946,viaje-equipaje,HIGH_CONFIDENCE_EXACT,1.0,match:equipaje,viaje-equipaje
bd28aa5a-ed43-41ea-976e-dfaa1a692163,pp_04b52f53434a1668c0f0cbff,,"Bolsa de algodón y yute ""YUCATÁN""","Capacidad amplia con estética natural.Bolsa de yute laminado con fuelle y bolsillo frontal de algodón. Color natural. Asas de cordón de algodón de Ø 1,5 x 65 cm. Cierres con velcro",b55ad3e5-2743-444f-b101-3702f81d55f6,bolsas-mochilas-viaje,400b5f3e-9149-4497-a58f-43918c24c538,bolsas-tote-shopping,HIGH_CONFIDENCE_EXACT,1.0,match:\bbolsa\b,bolsas-tote-shopping
be7afde5-09cc-46bc-abb1-83a2c37c9404,pp_d274239fd789a6f92e1cc089,,"Mug sublimable ""SORI""",Lleva tus bebidas con estilo y sin derrames.Mug doble pared. Interior en plástico y exterior de acero inoxidable 201. Tapa plástica transparente a presión con anillo de silicona. B,5a9b91cb-607f-45fa-bcd4-c1c1a782a8c1,bebidas-termos-vasos,3ac4291e-53ab-4bdc-b42a-9fc84648ba4f,tazas-mugs,HIGH_CONFIDENCE_EXACT,1.0,match:\bmug\b,tazas-mugs
bfb9b377-7466-4835-b6c9-271091f0a95e,pp_4fb18e125f43319339857e68,,"BOTELLA TÉRMICA ""KUPFER""","Ø 6,6 x 24,5 cm. Capacidad 500 ml. Acero inoxidable. Botella Premium Doble pared sellada al vacío con recubrimiento de cobre que permite mayor aislamiento térmico y resistencia a l",5a9b91cb-607f-45fa-bcd4-c1c1a782a8c1,bebidas-termos-vasos,dafde7ec-418f-4071-af3e-3ddc803feaa0,termos,HIGH_CONFIDENCE_EXACT,1.0,match:termic,termos
bfc77174-334d-453b-be9e-bd5c218ae082,pp_cd496ab114df3177d03aae75,,"Gorra ""LIVI""","Ajuste rápido, comodidad asegurada.Gorra con visera. 6 paneles. Orificios de ventilación bordados. Botón forrado. Banda absorbente de poliéster. Cierre ajustable de velcro.Medidas:",ab57049a-e314-49ae-bd51-3690a0752ab4,gorras-accesorios,c5da3f11-95bc-4e3c-857a-9b8aefbcd057,gorras,HIGH_CONFIDENCE_EXACT,1.0,match:\bgorra\b,gorras
c14949ec-cc72-4267-831c-ec9e6bd1af68,pp_42b81f0000ab8976ac2032d9,,Libreta mediana “White”,"21 x 14,5 x 1 cm. Cartón. Libreta de pasta dura color blanco. Contiene 80 hojas rayadas, separador de tela. Cierra con banda elástica de color.",2c4837bb-b5f0-47d3-8bb5-710f16f9a297,libretas-cuadernos,067c4d5d-d3d5-48b2-8678-5300800da356,libretas,HIGH_CONFIDENCE_EXACT,1.0,match:\blibreta\b,libretas
c242c67f-0113-4cbf-af27-3c8eb9bab61f,pp_c7dedccbdcf8a5edd94c60f2,,"Botella ""TULUM""","Sencillez y funcionalidad.Botella de aluminio con acabado mate. Tapa a rosca color plata en acero inoxidable 201 y anillo de silicona antiderrame.Medidas: Ø 7,2 x 22,5 cm. 
Capaci",5a9b91cb-607f-45fa-bcd4-c1c1a782a8c1,bebidas-termos-vasos,dd7255b0-a98b-422a-be20-4f478e9da9d7,botellas-cilindros,HIGH_CONFIDENCE_EXACT,1.0,match:botella,botellas-cilindros
c65ca930-ee9a-49b6-9c4b-fc7fc3fcf308,pp_47470077b80e170de4a3eb80,,"Llavero ""JART""","Pequeño, elegante y significativo.Llavero con forma de corazón. Estructura plástica de color con apliques de acero color gris gun de cada lado. Acabado brillante.Medidas: 4,3 x 3,5",d6511709-c9ab-4719-b70b-ac2b56fd9d7c,llaveros-identificadores,e788c044-4e6c-4409-b449-7523e6bba0cf,llaveros-plasticos,HIGH_CONFIDENCE_EXACT,1.0,match:llavero.*plastic,llaveros-plasticos
c6e859e1-e769-4cc6-a51c-40b285165dd4,pp_e62072eb148e6420147d2f0e,,"LLAVERO ""TERRA""","Ø 3,3 cm. x 0,4 cm. Metal. Con superficie interior giratoria. Presentación en caja de regalo.",d6511709-c9ab-4719-b70b-ac2b56fd9d7c,llaveros-identificadores,01301ea5-4290-4692-8edf-18585941b184,llaveros-metalicos,HIGH_CONFIDENCE_EXACT,1.0,match:llavero.*metal,llaveros-metalicos
c780ea31-0ee6-4763-b15e-385b87e15c16,pp_97ffd088ee5cae1b6ea46759,,"Figura antiestrés ""OM FUTBOL""","Descarga nervios, libera tensiónFigura antiestrés con forma de pelota de fútbol.Medidas: Ø 6,3 cm
Material: Espuma de poliuretano
Peso: 18 g.",dcf767d4-2f29-4904-923a-fc6a1d4f373e,outdoor-deporte-recreacion,9f490b82-ad9a-4dc3-aa9b-553b33c34793,balones-pelotas,HIGH_CONFIDENCE_EXACT,1.0,match:\bpelota\b,balones-pelotas
c883cfe8-e0f2-42c8-a1b9-60311078c2ce,pp_f786a455fb5fc21920766072,,"CABLE CARGADOR DE CELULARES ""CELLER""","26,5 (medida total del cable con los adaptadores). 3 x 3,5 x 0,4 (medidas del cuadrado plástico donde se aplica el logo). Anillo para enganche o colocar llaves. Cargador tipo C y I",73bc893a-e0cb-4f14-a593-2c93353dc50d,tecnologia,1994c87a-63af-4817-a412-2229508a7039,cargadores-cables,HIGH_CONFIDENCE_EXACT,1.0,match:cargador,cargadores-cables
c99cdba1-f47e-4f50-88d6-38470fd20b72,pp_c6cc061d71e51fd6884b2878,,"Llavero de bambú ""SPIN""","7,5 x 3,5 x 0,4 cm. Llavero circular de bambú con detalles metálicos. Estructura giratoria 360°. Presentación en caja de regalo.",d6511709-c9ab-4719-b70b-ac2b56fd9d7c,llaveros-identificadores,01301ea5-4290-4692-8edf-18585941b184,llaveros-metalicos,HIGH_CONFIDENCE_EXACT,1.0,match:llavero.*metal,llaveros-metalicos
ca616e1f-3d19-4173-b355-7696e9f90087,pp_d927da224029c1a0020dafa6,,"Libreta ""MARROQUÍ""",Un soporte distinto para tus notasLibreta. Tapa de cartón rígido recubierta en corcho y poliuretano de diferentes colores. Interior de 80 hojas rayadas en papel obra de 70g. Encuad,2c4837bb-b5f0-47d3-8bb5-710f16f9a297,libretas-cuadernos,067c4d5d-d3d5-48b2-8678-5300800da356,libretas,HIGH_CONFIDENCE_EXACT,1.0,match:\blibreta\b,libretas
cae855c0-c3cc-4df5-8a7f-e4a3af15b596,pp_70883d56613be2de0d3f0730,,"Tapón para botellas con destapador ""TAP""","Doble función, uso simple.Tapón para botellas con destapador. Estructura circular de bambú y acero para el destapador y estructura cónica de aleación de zinc y silicona para el tap",,,,,MANUAL_REVIEW_AMBIGUOUS,0.4,"multi_cat: ['bebidas-termos-vasos', 'hogar-cocina']",botellas-cilindros/destapadores
cbb9dc7a-1051-4392-b241-6c5b80f315cf,pp_64371defb8f39747706c8a0a,,"Botella ""BALADINA FULL BLACK""",Diferencia tu estilo en un diseño con personalidad.Botella de plástico de color negro translúcido con tapa a rosca color negro mate con anillo de silicona de diferentes colores.Med,5a9b91cb-607f-45fa-bcd4-c1c1a782a8c1,bebidas-termos-vasos,dd7255b0-a98b-422a-be20-4f478e9da9d7,botellas-cilindros,HIGH_CONFIDENCE_EXACT,1.0,match:botella,botellas-cilindros
cbd6c3b8-badf-49fe-9d10-2ec4b84cc881,pp_c52c1f2dcb7287dab6732174,,"Ventilador de bolsillo ""FANTASTIC""","Frescura portátil, donde estés.Mini ventilador portátil. Plegable a 180° con doble función, de mano y de escritorio.  Diseño compacto, tamaño de bolsillo, ligero y fácil de transpo",73bc893a-e0cb-4f14-a593-2c93353dc50d,tecnologia,1994c87a-63af-4817-a412-2229508a7039,cargadores-cables,HIGH_CONFIDENCE_EXACT,1.0,match:\bcable\b,cargadores-cables
cd4b730e-420d-4d48-8864-7b11f9bacfe3,pp_0633a7dfd74aa1ae76010525,,"Toalla de microfibra ""UYUNI""",80 x 40 cm. Microfibra. Toalla de microfibra de secado rápido. Poliéster (200 g x m2) catiónico doble cara. Cinta negra que permite enrollar la toalla y aplicar logo.,b7c55c50-3d1a-453a-9525-fc05a55bacb6,textiles-ropa,36d2c5d5-f13a-4952-bf87-97806e572854,toallas-textiles,HIGH_CONFIDENCE_EXACT,1.0,match:\btoalla\b,toallas-textiles
cddb7e59-5419-4ab1-b3aa-41ac10da7521,pp_9fd32967bc62ce6253ba0c1a,,"Mug ""DIANA""",Hidrátate con modernidad.Mug doble pared. Interior de polipropileno y exterior de acero 201. Tapa plástica transparente a presión con anillo de silicona. Pintura acabado semimate. ,5a9b91cb-607f-45fa-bcd4-c1c1a782a8c1,bebidas-termos-vasos,3ac4291e-53ab-4bdc-b42a-9fc84648ba4f,tazas-mugs,HIGH_CONFIDENCE_EXACT,1.0,match:\bmug\b,tazas-mugs
ce8e8211-c474-457d-a95a-bf6a812b2af5,pp_be2b3e224f6d01c22e0cf9f5,,"Bolsa de algodón ""COTI FORT""","Un básico práctico y resistente.Bolsa reutilizable con fuelle color natural. Asas cosidas de 70 x 2,5 cm.Medidas: 38 x 42 x 8 cm. 
Materiales: 100% Algodón. 
Peso: 87 g. aprox. (",b55ad3e5-2743-444f-b101-3702f81d55f6,bolsas-mochilas-viaje,400b5f3e-9149-4497-a58f-43918c24c538,bolsas-tote-shopping,HIGH_CONFIDENCE_EXACT,1.0,match:\bbolsa\b,bolsas-tote-shopping
ceab1030-6996-4fa3-904c-3c6d16a8ce0d,pp_dc2183908b4cabecc5126598,,"Silla plegable ""CAMP""",Comodidad lista para salir.Silla Camping Director plegable con apoyabrazos. Estructura con tubos de hierro. Asiento y apoyabrazos de poliéster 600D con revestimiento de PVC y costu,,,,,MANUAL_REVIEW_AMBIGUOUS,0.4,"multi_cat: ['bebidas-termos-vasos', 'outdoor-deporte-recreacion']",botellas-cilindros/camping-picnic
d3c92d6f-9d14-45e0-b4bc-710728c4913c,pp_36a09a3a8167b1b82da80d76,,"Bolso térmico ""SCAPE""","34 x 25 x 19 cm. Capacidad 16l. Polyester 600D. Bolso térmico. Interior totalmente recubierto de aluminio. Bolsillo frontal, correa extensible y cierres metálicos con tira cierres ",5a9b91cb-607f-45fa-bcd4-c1c1a782a8c1,bebidas-termos-vasos,dafde7ec-418f-4071-af3e-3ddc803feaa0,termos,HIGH_CONFIDENCE_EXACT,1.0,match:termic,termos
d4e5f0d8-3186-4536-90f5-a3818029dde9,pp_18ed4be48f6d5b7e1bd4da51,,"Set de vasos de vidrio ""Double""","Ø 8,3 x 10 cm. Capacidad 280 ml cada vaso. Vidrio. Set de vasos doble pared. Apto para bebidas frías y calientes. Presentación en caja de regalo.",5a9b91cb-607f-45fa-bcd4-c1c1a782a8c1,bebidas-termos-vasos,4a71f8d7-f886-4520-91c3-bb47a8409a10,vasos,HIGH_CONFIDENCE_EXACT,1.0,match:\bvaso\b,vasos
d69a2b27-d866-4af4-8271-5f3a8b218e90,pp_06084c5cb57ae0b7a2f503ae,,"Bolsa de algodón ""COTI CORE""","Ligera, simple y espaciosa.Bolsa reutilizable color natural. Asas cosidas de 70 x 2,5 cm.Medidas: 38 x 42 cm. 
Materiales: 100% Algodón. 
Peso: 61 g. aprox. (bolsa individual) y ",b55ad3e5-2743-444f-b101-3702f81d55f6,bolsas-mochilas-viaje,400b5f3e-9149-4497-a58f-43918c24c538,bolsas-tote-shopping,HIGH_CONFIDENCE_EXACT,1.0,match:\bbolsa\b,bolsas-tote-shopping
d9879a9b-a755-44e9-a6ad-b0e99c94f71d,pp_35910736394214a58fd36ab7,,"Mochila ""FORCE 5""",Lleva tu mundo digital contigo.Mochila portanotebook de hasta 16 pulgadas. 3 compartimentos con cierre. Compartimento posterior con bolsillo acolchado porta notebook. Amplio compar,,,,,MANUAL_REVIEW_AMBIGUOUS,0.4,"multi_cat: ['bebidas-termos-vasos', 'bolsas-mochilas-viaje', 'libretas-cuadernos']",mochilas-backpacks/botellas-cilindros/libretas
d989ded7-a9bc-4b95-aa51-6a7479d39ff2,pp_772ec7818bcb790c3433bf8c,,"Set ejecutivo ""MOON BOX""","Contiene los esenciales para recibir con estilo y generar una impresión memorable.Caja de regalo compuesta por 3 artículos:
- 1 bolígrafo retráctil, cuerpo de aluminio color negro",,,,,MANUAL_REVIEW_AMBIGUOUS,0.4,"multi_cat: ['boligrafos', 'libretas-cuadernos']",libretas/boligrafos-metalicos/boligrafos-plasticos
da53b536-6aea-45a7-8cbf-981ba05716ef,pp_ea2d9b6ead9d85015794ed39,,"Paraguas ""MOSK""","Protección inmediata en un clicParaguas APERTURA Y CIERRE AUTOMATICO. Eje y varillas metálicas. Mango con asa y sistema mosquetón, de plástico engomado color negro mate. Botón a pr",,,,,MANUAL_REVIEW_AMBIGUOUS,0.4,"multi_cat: ['herramientas-auto', 'outdoor-deporte-recreacion']",accesorios-auto/paraguas-impermeables
dae744a3-4d0f-4d5f-b54b-9f6911af4d4c,pp_5aead4b4dc5f8c1c41e5bbea,,"MUG TÉRMICO ""ASTORIA""","Ø 9 x 16,5 cm. Capacidad 500 ml. Acero Inoxidable. Mug doble pared, sellado al vacío. Interior acero 304 y exterior acero 201. Tapa plástica a rosca con seguro hermético antiderram",5a9b91cb-607f-45fa-bcd4-c1c1a782a8c1,bebidas-termos-vasos,dafde7ec-418f-4071-af3e-3ddc803feaa0,termos,HIGH_CONFIDENCE_EXACT,1.0,match:termic,termos
db12cb03-f38d-49f3-9324-262e7d2ab822,pp_157aec2e75788021a39ca19c,,"Mochila ""TRANSLATE""","30 x 43 x 12 cm. Capacidad 14 litros. Poliéster 600D, interior poliéster 210D. Mochila portanotebook de 14 pulgadas. Compartimento lateral portanotebook, compartimento principal y ",,,,,MANUAL_REVIEW_AMBIGUOUS,0.4,"multi_cat: ['bolsas-mochilas-viaje', 'libretas-cuadernos']",mochilas-backpacks/viaje-equipaje/libretas
db23973c-981d-4e0a-876b-464183e6bd7e,pp_b6cd11bf446cc9b444513b52,,"Set de vasos tequileros ""TOC TOC""","Celebra con estilo.Set de 4 vasos tequileros de Ø 5 x 6 cm. en bandeja de bambú con tira simil cuero.Medidas: 33 x 8 x 1 cm. 
Materiales: Vidrio y bambú. 
Presentación: en caja d",,,,,MANUAL_REVIEW_NO_SIGNAL,0.0,sin señal léxica,no_rule
db34c038-047a-4fbf-b7a4-ef07a883c929,pp_67ce5dbc26fa1d83643fe22c,,"Memo clip de escritorio ""BAMBSTICK""","2,5 x 2,5 x 2,5 cm. Alto 11,5 cm Bambú y metal. Memo clip de escritorio con base cúbica en bambú. Broche pinza cocodrilo de metal. Práctico, útil y transportable.",,,,,MANUAL_REVIEW_NO_SIGNAL,0.0,sin señal léxica,no_rule
dbe01e28-33fa-44af-9173-4e419cdbf5fa,pp_17c8de41641cd2381e8e05da,,"Parasol plegable ""ECLIPSE""","Protección lista cuando la necesitasParasol plegable con funda.  Medidas: 130 x 60 cm. (abierto) Ø 35 cm. (cerrado) 
Materiales: Poliéster con recubrimiento plata.",64b881ad-4624-4177-be86-1ac83f4761e1,herramientas-auto,0f1136cb-f6dc-434d-bd7d-54bd9e664890,accesorios-auto,HIGH_CONFIDENCE_EXACT,1.0,match:para(brisa|sol),accesorios-auto
dd644add-e945-4a63-83ce-96cbc70d0b34,pp_77d8c77a407dca5b2b7cfa77,,"Lámpara ""ROTTERDAM""",Ilumina tus espacios con una luz ajustable y diseño compacto.Lámpara giratoria plegable. Permite 3 posiciones de diferentes alturas. Luz led cálida. Botón táctil de encendido/apaga,73bc893a-e0cb-4f14-a593-2c93353dc50d,tecnologia,1994c87a-63af-4817-a412-2229508a7039,cargadores-cables,HIGH_CONFIDENCE_EXACT,1.0,match:\bcable\b,cargadores-cables
de7503c2-dc85-4ef3-a1be-cfc616928439,pp_fe51a82192434ca89b50d246,,Juego de dominó,"15 x 5 x 3 cm. Madera y plástico. Juego de dominó con 28 piezas de madera pintadas de negro, caja de madera y tapa plástica transparente. Manual de instrucciones dentro de la caja.",dcf767d4-2f29-4904-923a-fc6a1d4f373e,outdoor-deporte-recreacion,22d6181d-1180-45bc-9399-cade08cd6066,juegos-recreacion,HIGH_CONFIDENCE_EXACT,1.0,match:\bjuego\b,juegos-recreacion
de95826c-e809-4d28-9089-49f74832386b,pp_fbee85b23d89276711d17fcc,,"Guirnalda de luces led ""RADIANT""",Iluminación que transforma el ambienteGuirnalda de luces retráctil. Lámpara portátil. Linterna recargable. Tira de 8 m. de largo de luz led cálida. Batería de litio recargable. 5 m,,,,,MANUAL_REVIEW_AMBIGUOUS,0.4,"multi_cat: ['herramientas-auto', 'tecnologia']",lamparas-gadgets-usb/linternas
dfea94ba-1f2e-474c-9dc5-c0b3ddd8f8aa,pp_caa9a0debee8c0ed58bb3229,,"Figura antiestrés ""OM CORAZÓN""","Un detalle para bajar un cambio.Figura antiestrés con forma de corazón.Medidas: 7 x 6,8 x 5,5 cm
Material: Espuma de poliuretano
Peso: 22 g.",,,,,MANUAL_REVIEW_NO_SIGNAL,0.0,sin señal léxica,no_rule
e0e77120-26f4-4a2e-9b45-23e8f84f9b5b,pp_c5f40e039bc4d87e0d22297e,,"Mochila ""CHESTER""","32 x 45 x 16 cm. Capacidad 25 litros. Poliéster 600D. Mochila Portanotebook de hasta 16"". Bolsillo frontal con cierre y dos bolsillos laterales para botella o Mug. Dos compartiment",,,,,MANUAL_REVIEW_AMBIGUOUS,0.4,"multi_cat: ['bebidas-termos-vasos', 'bolsas-mochilas-viaje', 'libretas-cuadernos']",mochilas-backpacks/botellas-cilindros/tazas-mugs
e1741eb2-feb3-4df2-a206-07d875bfc425,pp_ca41e781591ef5b4590ff294,,"Figura antiestrés ""OM PELOTA""","Suelta tensión, sigue en movimientoFigura antiestrés con forma de pelota.Medidas: Ø 6,3 cm
Material: Espuma de poliuretano
Peso: 18 g.",dcf767d4-2f29-4904-923a-fc6a1d4f373e,outdoor-deporte-recreacion,9f490b82-ad9a-4dc3-aa9b-553b33c34793,balones-pelotas,HIGH_CONFIDENCE_EXACT,1.0,match:\bpelota\b,balones-pelotas
e1906ec6-aff7-43d1-940f-a7076e3b3ce2,pp_5d7cd2360d674ee56f772579,,"NECESSAIRE ""MAGNOLIA""","9,5 x 10 x 17,5 cm. Poliéster. Necessaire con amplio compartimento. Interior de color negro y cierre del mismo color.",,,,,MANUAL_REVIEW_NO_SIGNAL,0.0,sin señal léxica,no_rule
e7c265fd-3c46-4d14-8207-7460fa3f7cad,pp_076d1e8cd1bb15f53ad475ec,,"Power bank ""OSLO""","Carga sin cables, estilo sin límitesPower bank inalámbrico con aro magnético y soporte de anillo. Color blanco mate y negro brillante. Posee Entrada y salida: 5V 2A. Con 2 puertos ",73bc893a-e0cb-4f14-a593-2c93353dc50d,tecnologia,64b67871-1406-41f9-bc95-afa883f06171,power-banks,HIGH_CONFIDENCE_EXACT,1.0,match:power\s*bank,power-banks
e80d5372-869d-40ba-bfad-ca1265dac3d6,pp_c74f51d5bb036e762edf140b,,"ORGANIZADOR DE CABLES ""FILLMORE""","16,5 x 23 x 4 cm.Poliéster. Organizador para cables y accesorios. Cuenta con dos bolsillos de red con cierre. 4 elásticos que permiten enrollar y guardar los cables, 1 elástico por",12fa2e5e-99c9-4a71-9483-c2e2b5b5a8c5,boligrafos,ce1e16a3-f1f3-493f-aeb8-a8f254c6ea55,boligrafos-plasticos,HIGH_CONFIDENCE_EXACT,1.0,match:\bboligrafo\b,boligrafos-plasticos
e831eefb-66bc-4550-9724-5ed7d71002f9,pp_8dbcb9a98361e1c41eb72134,,"Botella térmica ""PUSH""","Hidratación a otro nivel.Botella deportiva con doble pared, sellada al vacío.  Interior de acero 304 y exterior de acero 201. Pintura powder coat (pintura más duradera y resistente",,,,,MANUAL_REVIEW_AMBIGUOUS,0.4,"multi_cat: ['bebidas-termos-vasos', 'bolsas-mochilas-viaje', 'outdoor-deporte-recreacion']",deportivas-duffel/termos/botellas-cilindros
e95fa1da-d372-4425-839e-6585061742ce,pp_383febbf17f961d9a9b6719d,,"BOCINA BLUETOOTH ""ESPARTA""","5,8 x 5,8 x 4,8 cm. Plástico. Bocina bluetooth cuadrado, en la parte inferior goma antideslizante. Botones de Power: on/off, botón de avance y retroceso que presionandolo durante u",73bc893a-e0cb-4f14-a593-2c93353dc50d,tecnologia,53acb460-116f-4bbf-a97e-c689bcafeb1a,audifonos,HIGH_CONFIDENCE_EXACT,1.0,match:bocina,audifonos
e9b84266-5cf5-475e-a48e-e1875455dec3,pp_a650182379ad54c147b9e7fd,,"mochila ""MUNICH""",Viaja con todo lo que necesitas.Mochila carry on con 4 compartimentos acolchados. Compartimento principal central con cierre de apertura 360° y elástico con hebilla para contener l,,,,,MANUAL_REVIEW_AMBIGUOUS,0.4,"multi_cat: ['bolsas-mochilas-viaje', 'libretas-cuadernos']",mochilas-backpacks/libretas
e9d4b297-235f-43c1-9070-bac51815aea2,pp_4ac816a67f70b5121da462be,,"ORGANIZADOR DE ESCRITORIO DE BAMBÚ ""NAGANO DESK""","19,5 x 8,5 x 0,7 cm. y 10 x 8,5 x 0,7 cm. Bambú. Organizador de escritorio compuesto por dos piezas encastrables con compartimentos para accesorios y ranuras porta boligrafo y port",,,,,MANUAL_REVIEW_AMBIGUOUS,0.4,"multi_cat: ['boligrafos', 'herramientas-auto', 'tecnologia']",soportes-celular/boligrafos-metalicos/boligrafos-ecologicos
ebac50da-e2c8-4aa5-8d57-550c3dcc5137,pp_17906e2e9f4151267384500c,,"Set de cubiertos ""PLAT""","Elementales siempre a manoSet de cubiertos. 5 elementos:  Cuchara, tenedor y cuchillo en acero 430; Popote y cepillo para popote en acero 304. Estuche de eva con cierre y correa de",,,,,MANUAL_REVIEW_AMBIGUOUS,0.4,"multi_cat: ['hogar-cocina', 'salud-bienestar-seguridad']",utensilios-cocina/belleza-cuidado-personal
ee901ec7-747a-49ba-85d0-80e387ae132a,pp_a68ab4ea5957dc18904e1e9b,,"Mochila ""FORCE 8""","Organizada, acolchada y expandible.Mochila carry on con 3 compartimentos acolchados. Compartimento principal central expandible con cierre de apertura 360°, interior con cubierta d",,,,,MANUAL_REVIEW_AMBIGUOUS,0.4,"multi_cat: ['bolsas-mochilas-viaje', 'libretas-cuadernos']",mochilas-backpacks/libretas
eeac39ec-db44-45a1-bf03-33210d6fc1bc,pp_28f03659a255a07d2deb058a,,"Mochila ""SINGAPUR""",29 x 43 x 11 cm. Capacidad 13 litros. Poliester 300D Wulong. Mochila portanotebookde hasta 15 pulgadas. Interior con bolsillo acojinado y múltiples compartimentos para accesorios. ,,,,,MANUAL_REVIEW_AMBIGUOUS,0.4,"multi_cat: ['bebidas-termos-vasos', 'bolsas-mochilas-viaje', 'libretas-cuadernos']",mochilas-backpacks/botellas-cilindros/libretas
f1295200-6064-4c9c-afa7-b95a957dcd5a,pp_48a5368ae1e1deeb99b4a60c,,"Paraguas Golf ""PALMER""","Cobertura amplia, lluvia controlada.Paraguas APERTURA AUTOMATICA Y CIERRE MANUAL. Eje metálico y varillas en fibra de vidrio. Mango de eva color negro. Botón a presión. Cierre con ",,,,,MANUAL_REVIEW_AMBIGUOUS,0.4,"multi_cat: ['herramientas-auto', 'outdoor-deporte-recreacion']",accesorios-auto/paraguas-impermeables
f5248ea7-1786-49ba-b24d-7998f5599d10,pp_939e2d8bbc005746072c9894,,"Botella térmica ""SASHA""","Ø 7,2 x 22,3 cm. Capacidad 550 ml. Acero inoxidable. Botella térmica doble pared sellada al vacío. Interior en acero 304 y exterior en acero 201. Tapa de acero inoxidable con manij",5a9b91cb-607f-45fa-bcd4-c1c1a782a8c1,bebidas-termos-vasos,dafde7ec-418f-4071-af3e-3ddc803feaa0,termos,HIGH_CONFIDENCE_EXACT,1.0,match:termic,termos
f5360b37-6aed-4150-b8d1-db19e757a68c,pp_e8022cb2fbd8b28fc9ece6a4,,"AUDIFONOS BLUETOOTH ""DINAN""","6,8 x 4,4 x 2 cm. (medida de la caja) 4 x 0,8 cm (auriculares). Plástico ABS. Audífonos bluetooth, se conectan al celular de forma inalámbrica. Los auriculares cuentan con función ",73bc893a-e0cb-4f14-a593-2c93353dc50d,tecnologia,53acb460-116f-4bbf-a97e-c689bcafeb1a,audifonos,HIGH_CONFIDENCE_EXACT,1.0,match:audifono,audifonos
f5550c97-4e43-4059-9568-371c8dd4b432,pp_3de1af6b1a332f17ae8805f0,,"Termo ""CAPTER""",Fusiona el diseño compacto multiuso y el rendimiento prolongado.Termo con taza. Termo Doble pared sellado al vacío. Interior en acero 304 y exterior en acero 201.  Tapa y taza plás,5a9b91cb-607f-45fa-bcd4-c1c1a782a8c1,bebidas-termos-vasos,dafde7ec-418f-4071-af3e-3ddc803feaa0,termos,HIGH_CONFIDENCE_EXACT,1.0,match:\btermo\b,termos
f57f3d39-a30e-46f6-a463-b36ecf1d6ecd,pp_38f2f88ae560632abed3e16d,,MUG ¨CARIBE¨,"Ø 7 x 7,8 cm. Capacidad 220 ml. Acero inoxidable. Mug doble pared con Mosquetón. Interior de acero 304 y exterior de acero 201. Asa carabinero de aluminio con diferentes opciones d",,,,,MANUAL_REVIEW_AMBIGUOUS,0.4,"multi_cat: ['bebidas-termos-vasos', 'outdoor-deporte-recreacion']",tazas-mugs/camping-picnic
f7bc4881-ce8e-4fe5-8538-1188e407da7b,pp_40f99d8df682421805af365f,,"Botella térmica ""MONTANA""","Lleva tus bebidas favoritas con la temperatura que te gusta.Botella doble pared, sellada al vacío. Interior de acero 304 y exterior de acero 201. Tapa plástica de polipropileno y a",5a9b91cb-607f-45fa-bcd4-c1c1a782a8c1,bebidas-termos-vasos,dafde7ec-418f-4071-af3e-3ddc803feaa0,termos,HIGH_CONFIDENCE_EXACT,1.0,match:termic,termos
fd461410-20af-420e-b47d-fe951ad342fd,pp_5547af9fe6faa2835176aeb3,,"Bolsa mochila de algodón ""CHILL""","Ligera, práctica y lista para moverse.Bolsa de algodón tipo mochila con cordones regulables. Color natural.Medidas: 36 x 40 cm. 
Materiales: 100% Algodón reciclado. 
Peso: 77 g. ",b55ad3e5-2743-444f-b101-3702f81d55f6,bolsas-mochilas-viaje,9e00857a-2148-42ba-a304-e8e435519811,mochilas-backpacks,HIGH_CONFIDENCE_EXACT,1.0,match:\bmochila\b,mochilas-backpacks
fe15b9c2-f813-4d0b-85c8-334ce0c53b77,pp_32cd05bae212b58ea2cbf3cf,,CREATIVE COLOR BOX,"15,6 x 11,6 x 2,9 cm. Set de dibujo en caja de madera. Con acuarelas, crayolas, pincel, lápiz negro, goma y sacapuntas. Presentación en caja de regalo.",,,,,MANUAL_REVIEW_NO_SIGNAL,0.0,sin señal léxica,no_rule
fecc8684-a217-46c9-ac7e-1ce9f1aff590,pp_08e1a6eaeb28667e458a047d,,"Bolsa de algodón y yute ""YONA""","Resistencia y estilo en un solo formato.Bolsa de algodón con base y fuelle de yute laminado. Color natural. Asas cosidas de cintas de algodón de 55 x 4 cm.Medidas: 47,5 x 35 x 14 c",b55ad3e5-2743-444f-b101-3702f81d55f6,bolsas-mochilas-viaje,400b5f3e-9149-4497-a58f-43918c24c538,bolsas-tote-shopping,HIGH_CONFIDENCE_EXACT,1.0,match:\bbolsa\b,bolsas-tote-shopping
fff029e3-8933-4b10-9394-76130b52a753,pp_314f8be82852f59331fb314a,,"Libreta ""ESCANDINAVA""","21 x 14 cm. (A5). PU + Papel. Libreta. Tapa dura recubierta en poliuretano, con estampado simil bambú. Interior 80 hojas rayadas en papel de 70 g. Cinta señaladora y cierre con ban",2c4837bb-b5f0-47d3-8bb5-710f16f9a297,libretas-cuadernos,067c4d5d-d3d5-48b2-8678-5300800da356,libretas,HIGH_CONFIDENCE_EXACT,1.0,match:\blibreta\b,libretas
